Added Component: Designator=C1(CAP0603)
Add component (AddParameter): Name = "Dielectric"; Value = "X7R"; VariantName = "[No Variations]"
Add component (AddParameter): Name = "Manufacturer 1"; Value = "Yageo"; VariantName = "[No Variations]"
Add component (AddParameter): Name = "Manufacturer Part Number 1"; Value = "CC0603KRX7R7BB104"; VariantName = "[No Variations]"
Add component (AddParameter): Name = "Package"; Value = "0603"; VariantName = "[No Variations]"
Add component (AddParameter): Name = "Supplier 1"; Value = "Digi-Key"; VariantName = "[No Variations]"
Add component (AddParameter): Name = "Supplier Part Number 1"; Value = "311-1088-1-ND"; VariantName = "[No Variations]"
Add component (AddParameter): Name = "Value"; Value = "0.1µF"; VariantName = "[No Variations]"
Add component (AddParameter): Name = "Voltage Rating"; Value = "16V"; VariantName = "[No Variations]"
Added Component: Designator=C2(CAP0603)
Add component (AddParameter): Name = "Dielectric"; Value = "X7R"; VariantName = "[No Variations]"
Add component (AddParameter): Name = "Manufacturer 1"; Value = "Yageo"; VariantName = "[No Variations]"
Add component (AddParameter): Name = "Manufacturer Part Number 1"; Value = "CC0603KRX7R7BB104"; VariantName = "[No Variations]"
Add component (AddParameter): Name = "Package"; Value = "0603"; VariantName = "[No Variations]"
Add component (AddParameter): Name = "Supplier 1"; Value = "Digi-Key"; VariantName = "[No Variations]"
Add component (AddParameter): Name = "Supplier Part Number 1"; Value = "311-1088-1-ND"; VariantName = "[No Variations]"
Add component (AddParameter): Name = "Value"; Value = "0.1µF"; VariantName = "[No Variations]"
Add component (AddParameter): Name = "Voltage Rating"; Value = "16V"; VariantName = "[No Variations]"
Added Component: Designator=C3(CAP0603)
Add component (AddParameter): Name = "Dielectric"; Value = "X7R"; VariantName = "[No Variations]"
Add component (AddParameter): Name = "Manufacturer 1"; Value = "Yageo"; VariantName = "[No Variations]"
Add component (AddParameter): Name = "Manufacturer Part Number 1"; Value = "CC0603KRX7R7BB104"; VariantName = "[No Variations]"
Add component (AddParameter): Name = "Package"; Value = "0603"; VariantName = "[No Variations]"
Add component (AddParameter): Name = "Supplier 1"; Value = "Digi-Key"; VariantName = "[No Variations]"
Add component (AddParameter): Name = "Supplier Part Number 1"; Value = "311-1088-1-ND"; VariantName = "[No Variations]"
Add component (AddParameter): Name = "Value"; Value = "0.1µF"; VariantName = "[No Variations]"
Add component (AddParameter): Name = "Voltage Rating"; Value = "16V"; VariantName = "[No Variations]"
Added Component: Designator=C4(CAP0603)
Add component (AddParameter): Name = "Dielectric"; Value = "X7R"; VariantName = "[No Variations]"
Add component (AddParameter): Name = "Manufacturer 1"; Value = "Yageo"; VariantName = "[No Variations]"
Add component (AddParameter): Name = "Manufacturer Part Number 1"; Value = "CC0603KRX7R7BB104"; VariantName = "[No Variations]"
Add component (AddParameter): Name = "Package"; Value = "0603"; VariantName = "[No Variations]"
Add component (AddParameter): Name = "Supplier 1"; Value = "Digi-Key"; VariantName = "[No Variations]"
Add component (AddParameter): Name = "Supplier Part Number 1"; Value = "311-1088-1-ND"; VariantName = "[No Variations]"
Add component (AddParameter): Name = "Value"; Value = "0.1µF"; VariantName = "[No Variations]"
Add component (AddParameter): Name = "Voltage Rating"; Value = "16V"; VariantName = "[No Variations]"
Added Component: Designator=C5(CAP0603)
Add component (AddParameter): Name = "Dielectric"; Value = "X7R"; VariantName = "[No Variations]"
Add component (AddParameter): Name = "Manufacturer 1"; Value = "Yageo"; VariantName = "[No Variations]"
Add component (AddParameter): Name = "Manufacturer Part Number 1"; Value = "CC0603KRX7R7BB104"; VariantName = "[No Variations]"
Add component (AddParameter): Name = "Package"; Value = "0603"; VariantName = "[No Variations]"
Add component (AddParameter): Name = "Supplier 1"; Value = "Digi-Key"; VariantName = "[No Variations]"
Add component (AddParameter): Name = "Supplier Part Number 1"; Value = "311-1088-1-ND"; VariantName = "[No Variations]"
Add component (AddParameter): Name = "Value"; Value = "0.1µF"; VariantName = "[No Variations]"
Add component (AddParameter): Name = "Voltage Rating"; Value = "16V"; VariantName = "[No Variations]"
Added Component: Designator=C6(CAP0603)
Add component (AddParameter): Name = "Dielectric"; Value = "X7R"; VariantName = "[No Variations]"
Add component (AddParameter): Name = "Manufacturer 1"; Value = "Yageo"; VariantName = "[No Variations]"
Add component (AddParameter): Name = "Manufacturer Part Number 1"; Value = "CC0603KRX7R7BB104"; VariantName = "[No Variations]"
Add component (AddParameter): Name = "Package"; Value = "0603"; VariantName = "[No Variations]"
Add component (AddParameter): Name = "Supplier 1"; Value = "Digi-Key"; VariantName = "[No Variations]"
Add component (AddParameter): Name = "Supplier Part Number 1"; Value = "311-1088-1-ND"; VariantName = "[No Variations]"
Add component (AddParameter): Name = "Value"; Value = "0.1µF"; VariantName = "[No Variations]"
Add component (AddParameter): Name = "Voltage Rating"; Value = "16V"; VariantName = "[No Variations]"
Added Component: Designator=C7(CAP0603)
Add component (AddParameter): Name = "Dielectric"; Value = "X7R"; VariantName = "[No Variations]"
Add component (AddParameter): Name = "Manufacturer 1"; Value = "Yageo"; VariantName = "[No Variations]"
Add component (AddParameter): Name = "Manufacturer Part Number 1"; Value = "CC0603KRX7R7BB104"; VariantName = "[No Variations]"
Add component (AddParameter): Name = "Package"; Value = "0603"; VariantName = "[No Variations]"
Add component (AddParameter): Name = "Supplier 1"; Value = "Digi-Key"; VariantName = "[No Variations]"
Add component (AddParameter): Name = "Supplier Part Number 1"; Value = "311-1088-1-ND"; VariantName = "[No Variations]"
Add component (AddParameter): Name = "Value"; Value = "0.1µF"; VariantName = "[No Variations]"
Add component (AddParameter): Name = "Voltage Rating"; Value = "16V"; VariantName = "[No Variations]"
Added Component: Designator=C8(CAP0603)
Add component (AddParameter): Name = "Dielectric"; Value = "X7R"; VariantName = "[No Variations]"
Add component (AddParameter): Name = "Manufacturer 1"; Value = "Yageo"; VariantName = "[No Variations]"
Add component (AddParameter): Name = "Manufacturer Part Number 1"; Value = "CC0603KRX7R7BB104"; VariantName = "[No Variations]"
Add component (AddParameter): Name = "Package"; Value = "0603"; VariantName = "[No Variations]"
Add component (AddParameter): Name = "Supplier 1"; Value = "Digi-Key"; VariantName = "[No Variations]"
Add component (AddParameter): Name = "Supplier Part Number 1"; Value = "311-1088-1-ND"; VariantName = "[No Variations]"
Add component (AddParameter): Name = "Value"; Value = "0.1µF"; VariantName = "[No Variations]"
Add component (AddParameter): Name = "Voltage Rating"; Value = "16V"; VariantName = "[No Variations]"
Added Component: Designator=C9(CAP0603)
Add component (AddParameter): Name = "Dielectric"; Value = "X7R"; VariantName = "[No Variations]"
Add component (AddParameter): Name = "Manufacturer 1"; Value = "Yageo"; VariantName = "[No Variations]"
Add component (AddParameter): Name = "Manufacturer Part Number 1"; Value = "CC0603KRX7R7BB104"; VariantName = "[No Variations]"
Add component (AddParameter): Name = "Package"; Value = "0603"; VariantName = "[No Variations]"
Add component (AddParameter): Name = "Supplier 1"; Value = "Digi-Key"; VariantName = "[No Variations]"
Add component (AddParameter): Name = "Supplier Part Number 1"; Value = "311-1088-1-ND"; VariantName = "[No Variations]"
Add component (AddParameter): Name = "Value"; Value = "0.1µF"; VariantName = "[No Variations]"
Add component (AddParameter): Name = "Voltage Rating"; Value = "16V"; VariantName = "[No Variations]"
Added Component: Designator=C10(CAP0603)
Add component (AddParameter): Name = "Dielectric"; Value = "X7R"; VariantName = "[No Variations]"
Add component (AddParameter): Name = "Manufacturer 1"; Value = "Yageo"; VariantName = "[No Variations]"
Add component (AddParameter): Name = "Manufacturer Part Number 1"; Value = "CC0603KRX7R7BB104"; VariantName = "[No Variations]"
Add component (AddParameter): Name = "Package"; Value = "0603"; VariantName = "[No Variations]"
Add component (AddParameter): Name = "Supplier 1"; Value = "Digi-Key"; VariantName = "[No Variations]"
Add component (AddParameter): Name = "Supplier Part Number 1"; Value = "311-1088-1-ND"; VariantName = "[No Variations]"
Add component (AddParameter): Name = "Value"; Value = "0.1µF"; VariantName = "[No Variations]"
Add component (AddParameter): Name = "Voltage Rating"; Value = "16V"; VariantName = "[No Variations]"
Added Component: Designator=C11(CAP0603)
Add component (AddParameter): Name = "Dielectric"; Value = "X7R"; VariantName = "[No Variations]"
Add component (AddParameter): Name = "Manufacturer 1"; Value = "Yageo"; VariantName = "[No Variations]"
Add component (AddParameter): Name = "Manufacturer Part Number 1"; Value = "CC0603KRX7R7BB104"; VariantName = "[No Variations]"
Add component (AddParameter): Name = "Package"; Value = "0603"; VariantName = "[No Variations]"
Add component (AddParameter): Name = "Supplier 1"; Value = "Digi-Key"; VariantName = "[No Variations]"
Add component (AddParameter): Name = "Supplier Part Number 1"; Value = "311-1088-1-ND"; VariantName = "[No Variations]"
Add component (AddParameter): Name = "Value"; Value = "0.1µF"; VariantName = "[No Variations]"
Add component (AddParameter): Name = "Voltage Rating"; Value = "16V"; VariantName = "[No Variations]"
Added Component: Designator=C12(CAP0603)
Add component (AddParameter): Name = "Dielectric"; Value = "X7R"; VariantName = "[No Variations]"
Add component (AddParameter): Name = "Manufacturer 1"; Value = "Yageo"; VariantName = "[No Variations]"
Add component (AddParameter): Name = "Manufacturer Part Number 1"; Value = "CC0603KRX7R7BB104"; VariantName = "[No Variations]"
Add component (AddParameter): Name = "Package"; Value = "0603"; VariantName = "[No Variations]"
Add component (AddParameter): Name = "Supplier 1"; Value = "Digi-Key"; VariantName = "[No Variations]"
Add component (AddParameter): Name = "Supplier Part Number 1"; Value = "311-1088-1-ND"; VariantName = "[No Variations]"
Add component (AddParameter): Name = "Value"; Value = "0.1µF"; VariantName = "[No Variations]"
Add component (AddParameter): Name = "Voltage Rating"; Value = "16V"; VariantName = "[No Variations]"
Added Component: Designator=C13(CAP0603)
Add component (AddParameter): Name = "Dielectric"; Value = "X7R"; VariantName = "[No Variations]"
Add component (AddParameter): Name = "Manufacturer 1"; Value = "Yageo"; VariantName = "[No Variations]"
Add component (AddParameter): Name = "Manufacturer Part Number 1"; Value = "CC0603KRX7R7BB104"; VariantName = "[No Variations]"
Add component (AddParameter): Name = "Package"; Value = "0603"; VariantName = "[No Variations]"
Add component (AddParameter): Name = "Supplier 1"; Value = "Digi-Key"; VariantName = "[No Variations]"
Add component (AddParameter): Name = "Supplier Part Number 1"; Value = "311-1088-1-ND"; VariantName = "[No Variations]"
Add component (AddParameter): Name = "Value"; Value = "0.1µF"; VariantName = "[No Variations]"
Add component (AddParameter): Name = "Voltage Rating"; Value = "16V"; VariantName = "[No Variations]"
Added Component: Designator=C14(CAP0603)
Add component (AddParameter): Name = "Dielectric"; Value = "X7R"; VariantName = "[No Variations]"
Add component (AddParameter): Name = "Manufacturer 1"; Value = "Yageo"; VariantName = "[No Variations]"
Add component (AddParameter): Name = "Manufacturer Part Number 1"; Value = "CC0603KRX7R7BB104"; VariantName = "[No Variations]"
Add component (AddParameter): Name = "Package"; Value = "0603"; VariantName = "[No Variations]"
Add component (AddParameter): Name = "Supplier 1"; Value = "Digi-Key"; VariantName = "[No Variations]"
Add component (AddParameter): Name = "Supplier Part Number 1"; Value = "311-1088-1-ND"; VariantName = "[No Variations]"
Add component (AddParameter): Name = "Value"; Value = "0.1µF"; VariantName = "[No Variations]"
Add component (AddParameter): Name = "Voltage Rating"; Value = "16V"; VariantName = "[No Variations]"
Added Component: Designator=C15(CAP0603)
Add component (AddParameter): Name = "Dielectric"; Value = "X7R"; VariantName = "[No Variations]"
Add component (AddParameter): Name = "Manufacturer 1"; Value = "Yageo"; VariantName = "[No Variations]"
Add component (AddParameter): Name = "Manufacturer Part Number 1"; Value = "CC0603KRX7R7BB104"; VariantName = "[No Variations]"
Add component (AddParameter): Name = "Package"; Value = "0603"; VariantName = "[No Variations]"
Add component (AddParameter): Name = "Supplier 1"; Value = "Digi-Key"; VariantName = "[No Variations]"
Add component (AddParameter): Name = "Supplier Part Number 1"; Value = "311-1088-1-ND"; VariantName = "[No Variations]"
Add component (AddParameter): Name = "Value"; Value = "0.1µF"; VariantName = "[No Variations]"
Add component (AddParameter): Name = "Voltage Rating"; Value = "16V"; VariantName = "[No Variations]"
Added Component: Designator=C16(CAP0603)
Add component (AddParameter): Name = "Dielectric"; Value = "X7R"; VariantName = "[No Variations]"
Add component (AddParameter): Name = "Manufacturer 1"; Value = "Yageo"; VariantName = "[No Variations]"
Add component (AddParameter): Name = "Manufacturer Part Number 1"; Value = "CC0603KRX7R7BB104"; VariantName = "[No Variations]"
Add component (AddParameter): Name = "Package"; Value = "0603"; VariantName = "[No Variations]"
Add component (AddParameter): Name = "Supplier 1"; Value = "Digi-Key"; VariantName = "[No Variations]"
Add component (AddParameter): Name = "Supplier Part Number 1"; Value = "311-1088-1-ND"; VariantName = "[No Variations]"
Add component (AddParameter): Name = "Value"; Value = "0.1µF"; VariantName = "[No Variations]"
Add component (AddParameter): Name = "Voltage Rating"; Value = "16V"; VariantName = "[No Variations]"
Added Component: Designator=C17(CAP0603)
Add component (AddParameter): Name = "Dielectric"; Value = "X7R"; VariantName = "[No Variations]"
Add component (AddParameter): Name = "Manufacturer 1"; Value = "Yageo"; VariantName = "[No Variations]"
Add component (AddParameter): Name = "Manufacturer Part Number 1"; Value = "CC0603KRX7R7BB104"; VariantName = "[No Variations]"
Add component (AddParameter): Name = "Package"; Value = "0603"; VariantName = "[No Variations]"
Add component (AddParameter): Name = "Supplier 1"; Value = "Digi-Key"; VariantName = "[No Variations]"
Add component (AddParameter): Name = "Supplier Part Number 1"; Value = "311-1088-1-ND"; VariantName = "[No Variations]"
Add component (AddParameter): Name = "Value"; Value = "0.1µF"; VariantName = "[No Variations]"
Add component (AddParameter): Name = "Voltage Rating"; Value = "16V"; VariantName = "[No Variations]"
Added Component: Designator=C18(CAP0603)
Add component (AddParameter): Name = "Dielectric"; Value = "5"; VariantName = "[No Variations]"
Add component (AddParameter): Name = "Manufacturer 1"; Value = "TDK Corporation"; VariantName = "[No Variations]"
Add component (AddParameter): Name = "Manufacturer Part Number 1"; Value = "C1608X5R1E225K080AB"; VariantName = "[No Variations]"
Add component (AddParameter): Name = "Supplier 1"; Value = "Digi-Key"; VariantName = "[No Variations]"
Add component (AddParameter): Name = "Supplier Part Number 1"; Value = "445-5964-1-ND"; VariantName = "[No Variations]"
Add component (AddParameter): Name = "Value"; Value = "2.2µF"; VariantName = "[No Variations]"
Add component (AddParameter): Name = "Voltage Rating"; Value = "25V"; VariantName = "[No Variations]"
Added Component: Designator=C19(CAP0603)
Add component (AddParameter): Name = "Dielectric"; Value = "X5R"; VariantName = "[No Variations]"
Add component (AddParameter): Name = "Manufacturer 1"; Value = "Samsung"; VariantName = "[No Variations]"
Add component (AddParameter): Name = "Manufacturer Part Number 1"; Value = "CL10A105KA8NNNC"; VariantName = "[No Variations]"
Add component (AddParameter): Name = "Mounting Type"; Value = "SMD"; VariantName = "[No Variations]"
Add component (AddParameter): Name = "Package"; Value = "0603"; VariantName = "[No Variations]"
Add component (AddParameter): Name = "Supplier 1"; Value = "Digi-Key"; VariantName = "[No Variations]"
Add component (AddParameter): Name = "Supplier Part Number 1"; Value = "1276-1102-1-ND"; VariantName = "[No Variations]"
Add component (AddParameter): Name = "Value"; Value = "1µF"; VariantName = "[No Variations]"
Add component (AddParameter): Name = "Voltage Rating"; Value = "25V"; VariantName = "[No Variations]"
Added Component: Designator=C20(CAP1206)
Add component (AddParameter): Name = "Mounting Type"; Value = "SMD"; VariantName = "[No Variations]"
Add component (AddParameter): Name = "Package"; Value = "1206"; VariantName = "[No Variations]"
Add component (AddParameter): Name = "Supplier 1"; Value = "Digi-Key"; VariantName = "[No Variations]"
Add component (AddParameter): Name = "Supplier Part Number 1"; Value = "490-16468-1-ND"; VariantName = "[No Variations]"
Add component (AddParameter): Name = "Value"; Value = "1µF"; VariantName = "[No Variations]"
Add component (AddParameter): Name = "Voltage Rating"; Value = "100V"; VariantName = "[No Variations]"
Added Component: Designator=C21(CAP2012)
Add component (AddParameter): Name = "Dielectric"; Value = "X7R"; VariantName = "[No Variations]"
Add component (AddParameter): Name = "Manufacturer 1"; Value = "YAGEO"; VariantName = "[No Variations]"
Add component (AddParameter): Name = "Manufacturer Part Number 1"; Value = "CC0603KRX7R0BB101"; VariantName = "[No Variations]"
Add component (AddParameter): Name = "Mounting Type"; Value = "SMD"; VariantName = "[No Variations]"
Add component (AddParameter): Name = "Package/Footprint"; Value = "0603"; VariantName = "[No Variations]"
Add component (AddParameter): Name = "Supplier 1"; Value = "Digi-Key"; VariantName = "[No Variations]"
Add component (AddParameter): Name = "Supplier Part Number 1"; Value = "311-4048-1-ND"; VariantName = "[No Variations]"
Add component (AddParameter): Name = "Value"; Value = "100pF"; VariantName = "[No Variations]"
Add component (AddParameter): Name = "Voltage Rating"; Value = "100V"; VariantName = "[No Variations]"
Added Component: Designator=C22(CAP0603)
Add component (AddParameter): Name = "Dielectric"; Value = "X6S"; VariantName = "[No Variations]"
Add component (AddParameter): Name = "Manufacturer 1"; Value = "Murata Electronics"; VariantName = "[No Variations]"
Add component (AddParameter): Name = "Manufacturer Part Number 1"; Value = "GRM188C81C475KE11D"; VariantName = "[No Variations]"
Add component (AddParameter): Name = "Mounting Type"; Value = "SMD"; VariantName = "[No Variations]"
Add component (AddParameter): Name = "Package"; Value = "0603"; VariantName = "[No Variations]"
Add component (AddParameter): Name = "Supplier 1"; Value = "Digi-Key"; VariantName = "[No Variations]"
Add component (AddParameter): Name = "Supplier Part Number 1"; Value = "490-13362-1-ND"; VariantName = "[No Variations]"
Add component (AddParameter): Name = "Value"; Value = "4.7µF"; VariantName = "[No Variations]"
Add component (AddParameter): Name = "Voltage Rating"; Value = "16V"; VariantName = "[No Variations]"
Added Component: Designator=C23(CAP0603)
Add component (AddParameter): Name = "Dielectric"; Value = "X7R"; VariantName = "[No Variations]"
Add component (AddParameter): Name = "Manufacturer 1"; Value = "Yageo"; VariantName = "[No Variations]"
Add component (AddParameter): Name = "Manufacturer Part Number 1"; Value = "CC0603KRX7R7BB104"; VariantName = "[No Variations]"
Add component (AddParameter): Name = "Package"; Value = "0603"; VariantName = "[No Variations]"
Add component (AddParameter): Name = "Supplier 1"; Value = "Digi-Key"; VariantName = "[No Variations]"
Add component (AddParameter): Name = "Supplier Part Number 1"; Value = "311-1088-1-ND"; VariantName = "[No Variations]"
Add component (AddParameter): Name = "Value"; Value = "0.1µF"; VariantName = "[No Variations]"
Add component (AddParameter): Name = "Voltage Rating"; Value = "16V"; VariantName = "[No Variations]"
Added Component: Designator=C24(CAP0603)
Add component (AddParameter): Name = "Dielectric"; Value = "X7R"; VariantName = "[No Variations]"
Add component (AddParameter): Name = "Manufacturer 1"; Value = "Yageo"; VariantName = "[No Variations]"
Add component (AddParameter): Name = "Manufacturer Part Number 1"; Value = "CC0603KRX7R7BB104"; VariantName = "[No Variations]"
Add component (AddParameter): Name = "Package"; Value = "0603"; VariantName = "[No Variations]"
Add component (AddParameter): Name = "Supplier 1"; Value = "Digi-Key"; VariantName = "[No Variations]"
Add component (AddParameter): Name = "Supplier Part Number 1"; Value = "311-1088-1-ND"; VariantName = "[No Variations]"
Add component (AddParameter): Name = "Value"; Value = "0.1µF"; VariantName = "[No Variations]"
Add component (AddParameter): Name = "Voltage Rating"; Value = "16V"; VariantName = "[No Variations]"
Added Component: Designator=C25(CAP0603)
Add component (AddParameter): Name = "Dielectric"; Value = "X7R"; VariantName = "[No Variations]"
Add component (AddParameter): Name = "Manufacturer 1"; Value = "Yageo"; VariantName = "[No Variations]"
Add component (AddParameter): Name = "Manufacturer Part Number 1"; Value = "CC0603KPX7R7BB105"; VariantName = "[No Variations]"
Add component (AddParameter): Name = "Mounting Type"; Value = "SMD"; VariantName = "[No Variations]"
Add component (AddParameter): Name = "Package"; Value = "0603"; VariantName = "[No Variations]"
Add component (AddParameter): Name = "Supplier 1"; Value = "Digi-Key"; VariantName = "[No Variations]"
Add component (AddParameter): Name = "Supplier Part Number 1"; Value = "13-CC0603KPX7R7BB105CT-ND"; VariantName = "[No Variations]"
Add component (AddParameter): Name = "Value"; Value = "1µF"; VariantName = "[No Variations]"
Add component (AddParameter): Name = "Voltage Rating"; Value = "16V"; VariantName = "[No Variations]"
Added Component: Designator=C26(CAP0603)
Add component (AddParameter): Name = "Dielectric"; Value = "X7R"; VariantName = "[No Variations]"
Add component (AddParameter): Name = "Manufacturer 1"; Value = "Yageo"; VariantName = "[No Variations]"
Add component (AddParameter): Name = "Manufacturer Part Number 1"; Value = "CC0603KRX7R7BB104"; VariantName = "[No Variations]"
Add component (AddParameter): Name = "Package"; Value = "0603"; VariantName = "[No Variations]"
Add component (AddParameter): Name = "Supplier 1"; Value = "Digi-Key"; VariantName = "[No Variations]"
Add component (AddParameter): Name = "Supplier Part Number 1"; Value = "311-1088-1-ND"; VariantName = "[No Variations]"
Add component (AddParameter): Name = "Value"; Value = "0.1µF"; VariantName = "[No Variations]"
Add component (AddParameter): Name = "Voltage Rating"; Value = "16V"; VariantName = "[No Variations]"
Added Component: Designator=C27(CAP0603)
Add component (AddParameter): Name = "Dielectric"; Value = "X7R"; VariantName = "[No Variations]"
Add component (AddParameter): Name = "Manufacturer 1"; Value = "Murata Electronics"; VariantName = "[No Variations]"
Add component (AddParameter): Name = "Manufacturer Part Number 1"; Value = "GCM188R72A103KA37J"; VariantName = "[No Variations]"
Add component (AddParameter): Name = "Supplier 1"; Value = "Digi-Key"; VariantName = "[No Variations]"
Add component (AddParameter): Name = "Supplier Part Number 1"; Value = "490-8028-1-ND"; VariantName = "[No Variations]"
Add component (AddParameter): Name = "Value"; Value = "0.01µF"; VariantName = "[No Variations]"
Add component (AddParameter): Name = "Voltage Rating"; Value = "100V"; VariantName = "[No Variations]"
Added Component: Designator=C28(CAP0603)
Add component (AddParameter): Name = "Dielectric"; Value = "X7R"; VariantName = "[No Variations]"
Add component (AddParameter): Name = "Manufacturer 1"; Value = "Yageo"; VariantName = "[No Variations]"
Add component (AddParameter): Name = "Manufacturer Part Number 1"; Value = "CC0603KRX7R7BB104"; VariantName = "[No Variations]"
Add component (AddParameter): Name = "Package"; Value = "0603"; VariantName = "[No Variations]"
Add component (AddParameter): Name = "Supplier 1"; Value = "Digi-Key"; VariantName = "[No Variations]"
Add component (AddParameter): Name = "Supplier Part Number 1"; Value = "311-1088-1-ND"; VariantName = "[No Variations]"
Add component (AddParameter): Name = "Value"; Value = "0.1µF"; VariantName = "[No Variations]"
Add component (AddParameter): Name = "Voltage Rating"; Value = "16V"; VariantName = "[No Variations]"
Added Component: Designator=C29(CAP1210)
Add component (AddParameter): Name = "Dielectric"; Value = "X7R"; VariantName = "[No Variations]"
Add component (AddParameter): Name = "Manufacturer 1"; Value = "Taiyo Yuden"; VariantName = "[No Variations]"
Add component (AddParameter): Name = "Manufacturer Part Number 1"; Value = "HMK325B7225KMHP"; VariantName = "[No Variations]"
Add component (AddParameter): Name = "Supplier 1"; Value = "Digi-Key"; VariantName = "[No Variations]"
Add component (AddParameter): Name = "Supplier Part Number 1"; Value = "587-5396-1-ND"; VariantName = "[No Variations]"
Add component (AddParameter): Name = "Value"; Value = "2.2µF"; VariantName = "[No Variations]"
Add component (AddParameter): Name = "Voltage Rating"; Value = "100V"; VariantName = "[No Variations]"
Added Component: Designator=C30(CAP0603)
Add component (AddParameter): Name = "Manufacturer 1"; Value = "KEMET"; VariantName = "[No Variations]"
Add component (AddParameter): Name = "Manufacturer Part Number 1"; Value = "C0603C100J5RAC7867"; VariantName = "[No Variations]"
Add component (AddParameter): Name = "Package"; Value = "0603"; VariantName = "[No Variations]"
Add component (AddParameter): Name = "Supplier 1"; Value = "Digi-Key"; VariantName = "[No Variations]"
Add component (AddParameter): Name = "Supplier Part Number 1"; Value = "399-C0603C100J5RAC7867CT-ND"; VariantName = "[No Variations]"
Add component (AddParameter): Name = "Value"; Value = "10pF"; VariantName = "[No Variations]"
Add component (AddParameter): Name = "Voltage Rating"; Value = "50V"; VariantName = "[No Variations]"
Added Component: Designator=C31(CAP0603)
Add component (AddParameter): Name = "Manufacturer 1"; Value = "KEMET"; VariantName = "[No Variations]"
Add component (AddParameter): Name = "Manufacturer Part Number 1"; Value = "C0603C100J5RAC7867"; VariantName = "[No Variations]"
Add component (AddParameter): Name = "Package"; Value = "0603"; VariantName = "[No Variations]"
Add component (AddParameter): Name = "Supplier 1"; Value = "Digi-Key"; VariantName = "[No Variations]"
Add component (AddParameter): Name = "Supplier Part Number 1"; Value = "399-C0603C100J5RAC7867CT-ND"; VariantName = "[No Variations]"
Add component (AddParameter): Name = "Value"; Value = "10pF"; VariantName = "[No Variations]"
Add component (AddParameter): Name = "Voltage Rating"; Value = "50V"; VariantName = "[No Variations]"
Added Component: Designator=C32(CAP0805)
Add component (AddParameter): Name = "Manufacturer 1"; Value = "TDK Corporation"; VariantName = "[No Variations]"
Add component (AddParameter): Name = "Manufacturer Part Number 1"; Value = "C2012X7R2A104K125AA"; VariantName = "[No Variations]"
Add component (AddParameter): Name = "Package"; Value = "0805"; VariantName = "[No Variations]"
Add component (AddParameter): Name = "Supplier 1"; Value = "Digi-Key"; VariantName = "[No Variations]"
Add component (AddParameter): Name = "Supplier Part Number 1"; Value = "445-1418-1-ND"; VariantName = "[No Variations]"
Add component (AddParameter): Name = "Value"; Value = "0.1µF"; VariantName = "[No Variations]"
Add component (AddParameter): Name = "Voltage Rating"; Value = "100V"; VariantName = "[No Variations]"
Added Component: Designator=C33(CAP0805)
Add component (AddParameter): Name = "Manufacturer 1"; Value = "TDK Corporation"; VariantName = "[No Variations]"
Add component (AddParameter): Name = "Manufacturer Part Number 1"; Value = "C2012X7R2A104K125AA"; VariantName = "[No Variations]"
Add component (AddParameter): Name = "Package"; Value = "0805"; VariantName = "[No Variations]"
Add component (AddParameter): Name = "Supplier 1"; Value = "Digi-Key"; VariantName = "[No Variations]"
Add component (AddParameter): Name = "Supplier Part Number 1"; Value = "445-1418-1-ND"; VariantName = "[No Variations]"
Add component (AddParameter): Name = "Value"; Value = "0.1µF"; VariantName = "[No Variations]"
Add component (AddParameter): Name = "Voltage Rating"; Value = "100V"; VariantName = "[No Variations]"
Added Component: Designator=C34(CAP0805)
Add component (AddParameter): Name = "Manufacturer 1"; Value = "TDK Corporation"; VariantName = "[No Variations]"
Add component (AddParameter): Name = "Manufacturer Part Number 1"; Value = "C2012X7R2A104K125AA"; VariantName = "[No Variations]"
Add component (AddParameter): Name = "Package"; Value = "0805"; VariantName = "[No Variations]"
Add component (AddParameter): Name = "Supplier 1"; Value = "Digi-Key"; VariantName = "[No Variations]"
Add component (AddParameter): Name = "Supplier Part Number 1"; Value = "445-1418-1-ND"; VariantName = "[No Variations]"
Add component (AddParameter): Name = "Value"; Value = "0.1µF"; VariantName = "[No Variations]"
Add component (AddParameter): Name = "Voltage Rating"; Value = "100V"; VariantName = "[No Variations]"
Added Component: Designator=D1(DIO_ZENER_3V3)
Add component (AddParameter): Name = "Forward Voltage"; Value = "1V"; VariantName = "[No Variations]"
Add component (AddParameter): Name = "Manufacturer 1"; Value = "ON Semiconductor / Fairchild"; VariantName = "[No Variations]"
Add component (AddParameter): Name = "Manufacturer Part Number 1"; Value = "MM3Z3V3B"; VariantName = "[No Variations]"
Add component (AddParameter): Name = "Package/Case"; Value = "SOD323F"; VariantName = "[No Variations]"
Add component (AddParameter): Name = "Supplier 1"; Value = "Digi-Key"; VariantName = "[No Variations]"
Add component (AddParameter): Name = "Supplier Part Number 1"; Value = "MM3Z3V3BCT-ND"; VariantName = "[No Variations]"
Add component (AddParameter): Name = "Working Voltage"; Value = "3.3V"; VariantName = "[No Variations]"
Added Component: Designator=D2(DIO_ZENER_3V3)
Add component (AddParameter): Name = "Forward Voltage"; Value = "1V"; VariantName = "[No Variations]"
Add component (AddParameter): Name = "Manufacturer 1"; Value = "ON Semiconductor / Fairchild"; VariantName = "[No Variations]"
Add component (AddParameter): Name = "Manufacturer Part Number 1"; Value = "MM3Z3V3B"; VariantName = "[No Variations]"
Add component (AddParameter): Name = "Package/Case"; Value = "SOD323F"; VariantName = "[No Variations]"
Add component (AddParameter): Name = "Supplier 1"; Value = "Digi-Key"; VariantName = "[No Variations]"
Add component (AddParameter): Name = "Supplier Part Number 1"; Value = "MM3Z3V3BCT-ND"; VariantName = "[No Variations]"
Add component (AddParameter): Name = "Working Voltage"; Value = "3.3V"; VariantName = "[No Variations]"
Added Component: Designator=D3(DIO_ZENER_3V3)
Add component (AddParameter): Name = "Forward Voltage"; Value = "1V"; VariantName = "[No Variations]"
Add component (AddParameter): Name = "Manufacturer 1"; Value = "ON Semiconductor / Fairchild"; VariantName = "[No Variations]"
Add component (AddParameter): Name = "Manufacturer Part Number 1"; Value = "MM3Z3V3B"; VariantName = "[No Variations]"
Add component (AddParameter): Name = "Package/Case"; Value = "SOD323F"; VariantName = "[No Variations]"
Add component (AddParameter): Name = "Supplier 1"; Value = "Digi-Key"; VariantName = "[No Variations]"
Add component (AddParameter): Name = "Supplier Part Number 1"; Value = "MM3Z3V3BCT-ND"; VariantName = "[No Variations]"
Add component (AddParameter): Name = "Working Voltage"; Value = "3.3V"; VariantName = "[No Variations]"
Added Component: Designator=D4(DIO_ZENER_3V3)
Add component (AddParameter): Name = "Forward Voltage"; Value = "1V"; VariantName = "[No Variations]"
Add component (AddParameter): Name = "Manufacturer 1"; Value = "ON Semiconductor / Fairchild"; VariantName = "[No Variations]"
Add component (AddParameter): Name = "Manufacturer Part Number 1"; Value = "MM3Z3V3B"; VariantName = "[No Variations]"
Add component (AddParameter): Name = "Package/Case"; Value = "SOD323F"; VariantName = "[No Variations]"
Add component (AddParameter): Name = "Supplier 1"; Value = "Digi-Key"; VariantName = "[No Variations]"
Add component (AddParameter): Name = "Supplier Part Number 1"; Value = "MM3Z3V3BCT-ND"; VariantName = "[No Variations]"
Add component (AddParameter): Name = "Working Voltage"; Value = "3.3V"; VariantName = "[No Variations]"
Added Component: Designator=D5(DIO_ZENER_3V3)
Add component (AddParameter): Name = "Forward Voltage"; Value = "1V"; VariantName = "[No Variations]"
Add component (AddParameter): Name = "Manufacturer 1"; Value = "ON Semiconductor / Fairchild"; VariantName = "[No Variations]"
Add component (AddParameter): Name = "Manufacturer Part Number 1"; Value = "MM3Z3V3B"; VariantName = "[No Variations]"
Add component (AddParameter): Name = "Package/Case"; Value = "SOD323F"; VariantName = "[No Variations]"
Add component (AddParameter): Name = "Supplier 1"; Value = "Digi-Key"; VariantName = "[No Variations]"
Add component (AddParameter): Name = "Supplier Part Number 1"; Value = "MM3Z3V3BCT-ND"; VariantName = "[No Variations]"
Add component (AddParameter): Name = "Working Voltage"; Value = "3.3V"; VariantName = "[No Variations]"
Added Component: Designator=D6(DIO_ZENER_3V3)
Add component (AddParameter): Name = "Forward Voltage"; Value = "1V"; VariantName = "[No Variations]"
Add component (AddParameter): Name = "Manufacturer 1"; Value = "ON Semiconductor / Fairchild"; VariantName = "[No Variations]"
Add component (AddParameter): Name = "Manufacturer Part Number 1"; Value = "MM3Z3V3B"; VariantName = "[No Variations]"
Add component (AddParameter): Name = "Package/Case"; Value = "SOD323F"; VariantName = "[No Variations]"
Add component (AddParameter): Name = "Supplier 1"; Value = "Digi-Key"; VariantName = "[No Variations]"
Add component (AddParameter): Name = "Supplier Part Number 1"; Value = "MM3Z3V3BCT-ND"; VariantName = "[No Variations]"
Add component (AddParameter): Name = "Working Voltage"; Value = "3.3V"; VariantName = "[No Variations]"
Added Component: Designator=D7(DIO_ZENER_3V3)
Add component (AddParameter): Name = "Forward Voltage"; Value = "1V"; VariantName = "[No Variations]"
Add component (AddParameter): Name = "Manufacturer 1"; Value = "ON Semiconductor / Fairchild"; VariantName = "[No Variations]"
Add component (AddParameter): Name = "Manufacturer Part Number 1"; Value = "MM3Z3V3B"; VariantName = "[No Variations]"
Add component (AddParameter): Name = "Package/Case"; Value = "SOD323F"; VariantName = "[No Variations]"
Add component (AddParameter): Name = "Supplier 1"; Value = "Digi-Key"; VariantName = "[No Variations]"
Add component (AddParameter): Name = "Supplier Part Number 1"; Value = "MM3Z3V3BCT-ND"; VariantName = "[No Variations]"
Add component (AddParameter): Name = "Working Voltage"; Value = "3.3V"; VariantName = "[No Variations]"
Added Component: Designator=D8(DIO_ZENER_3V3)
Add component (AddParameter): Name = "Forward Voltage"; Value = "1V"; VariantName = "[No Variations]"
Add component (AddParameter): Name = "Manufacturer 1"; Value = "ON Semiconductor / Fairchild"; VariantName = "[No Variations]"
Add component (AddParameter): Name = "Manufacturer Part Number 1"; Value = "MM3Z3V3B"; VariantName = "[No Variations]"
Add component (AddParameter): Name = "Package/Case"; Value = "SOD323F"; VariantName = "[No Variations]"
Add component (AddParameter): Name = "Supplier 1"; Value = "Digi-Key"; VariantName = "[No Variations]"
Add component (AddParameter): Name = "Supplier Part Number 1"; Value = "MM3Z3V3BCT-ND"; VariantName = "[No Variations]"
Add component (AddParameter): Name = "Working Voltage"; Value = "3.3V"; VariantName = "[No Variations]"
Added Component: Designator=D9(DIO_ZENER_3V3)
Add component (AddParameter): Name = "Forward Voltage"; Value = "1V"; VariantName = "[No Variations]"
Add component (AddParameter): Name = "Manufacturer 1"; Value = "ON Semiconductor / Fairchild"; VariantName = "[No Variations]"
Add component (AddParameter): Name = "Manufacturer Part Number 1"; Value = "MM3Z3V3B"; VariantName = "[No Variations]"
Add component (AddParameter): Name = "Package/Case"; Value = "SOD323F"; VariantName = "[No Variations]"
Add component (AddParameter): Name = "Supplier 1"; Value = "Digi-Key"; VariantName = "[No Variations]"
Add component (AddParameter): Name = "Supplier Part Number 1"; Value = "MM3Z3V3BCT-ND"; VariantName = "[No Variations]"
Add component (AddParameter): Name = "Working Voltage"; Value = "3.3V"; VariantName = "[No Variations]"
Added Component: Designator=D10(DIO_ZENER_3V3)
Add component (AddParameter): Name = "Forward Voltage"; Value = "1V"; VariantName = "[No Variations]"
Add component (AddParameter): Name = "Manufacturer 1"; Value = "ON Semiconductor / Fairchild"; VariantName = "[No Variations]"
Add component (AddParameter): Name = "Manufacturer Part Number 1"; Value = "MM3Z3V3B"; VariantName = "[No Variations]"
Add component (AddParameter): Name = "Package/Case"; Value = "SOD323F"; VariantName = "[No Variations]"
Add component (AddParameter): Name = "Supplier 1"; Value = "Digi-Key"; VariantName = "[No Variations]"
Add component (AddParameter): Name = "Supplier Part Number 1"; Value = "MM3Z3V3BCT-ND"; VariantName = "[No Variations]"
Add component (AddParameter): Name = "Working Voltage"; Value = "3.3V"; VariantName = "[No Variations]"
Added Component: Designator=D11(DIO_ZENER_3V3)
Add component (AddParameter): Name = "Forward Voltage"; Value = "1V"; VariantName = "[No Variations]"
Add component (AddParameter): Name = "Manufacturer 1"; Value = "ON Semiconductor / Fairchild"; VariantName = "[No Variations]"
Add component (AddParameter): Name = "Manufacturer Part Number 1"; Value = "MM3Z3V3B"; VariantName = "[No Variations]"
Add component (AddParameter): Name = "Package/Case"; Value = "SOD323F"; VariantName = "[No Variations]"
Add component (AddParameter): Name = "Supplier 1"; Value = "Digi-Key"; VariantName = "[No Variations]"
Add component (AddParameter): Name = "Supplier Part Number 1"; Value = "MM3Z3V3BCT-ND"; VariantName = "[No Variations]"
Add component (AddParameter): Name = "Working Voltage"; Value = "3.3V"; VariantName = "[No Variations]"
Added Component: Designator=D12(DIO_ZENER_3V3)
Add component (AddParameter): Name = "Forward Voltage"; Value = "1V"; VariantName = "[No Variations]"
Add component (AddParameter): Name = "Manufacturer 1"; Value = "ON Semiconductor / Fairchild"; VariantName = "[No Variations]"
Add component (AddParameter): Name = "Manufacturer Part Number 1"; Value = "MM3Z3V3B"; VariantName = "[No Variations]"
Add component (AddParameter): Name = "Package/Case"; Value = "SOD323F"; VariantName = "[No Variations]"
Add component (AddParameter): Name = "Supplier 1"; Value = "Digi-Key"; VariantName = "[No Variations]"
Add component (AddParameter): Name = "Supplier Part Number 1"; Value = "MM3Z3V3BCT-ND"; VariantName = "[No Variations]"
Add component (AddParameter): Name = "Working Voltage"; Value = "3.3V"; VariantName = "[No Variations]"
Added Component: Designator=D13(DIO_ZENER_3V3)
Add component (AddParameter): Name = "Forward Voltage"; Value = "1V"; VariantName = "[No Variations]"
Add component (AddParameter): Name = "Manufacturer 1"; Value = "ON Semiconductor / Fairchild"; VariantName = "[No Variations]"
Add component (AddParameter): Name = "Manufacturer Part Number 1"; Value = "MM3Z3V3B"; VariantName = "[No Variations]"
Add component (AddParameter): Name = "Package/Case"; Value = "SOD323F"; VariantName = "[No Variations]"
Add component (AddParameter): Name = "Supplier 1"; Value = "Digi-Key"; VariantName = "[No Variations]"
Add component (AddParameter): Name = "Supplier Part Number 1"; Value = "MM3Z3V3BCT-ND"; VariantName = "[No Variations]"
Add component (AddParameter): Name = "Working Voltage"; Value = "3.3V"; VariantName = "[No Variations]"
Added Component: Designator=D14(DIO_ZENER_3V3)
Add component (AddParameter): Name = "Forward Voltage"; Value = "1V"; VariantName = "[No Variations]"
Add component (AddParameter): Name = "Manufacturer 1"; Value = "ON Semiconductor / Fairchild"; VariantName = "[No Variations]"
Add component (AddParameter): Name = "Manufacturer Part Number 1"; Value = "MM3Z3V3B"; VariantName = "[No Variations]"
Add component (AddParameter): Name = "Package/Case"; Value = "SOD323F"; VariantName = "[No Variations]"
Add component (AddParameter): Name = "Supplier 1"; Value = "Digi-Key"; VariantName = "[No Variations]"
Add component (AddParameter): Name = "Supplier Part Number 1"; Value = "MM3Z3V3BCT-ND"; VariantName = "[No Variations]"
Add component (AddParameter): Name = "Working Voltage"; Value = "3.3V"; VariantName = "[No Variations]"
Added Component: Designator=D15(DIO_ZENER_3V3)
Add component (AddParameter): Name = "Forward Voltage"; Value = "1V"; VariantName = "[No Variations]"
Add component (AddParameter): Name = "Manufacturer 1"; Value = "ON Semiconductor / Fairchild"; VariantName = "[No Variations]"
Add component (AddParameter): Name = "Manufacturer Part Number 1"; Value = "MM3Z3V3B"; VariantName = "[No Variations]"
Add component (AddParameter): Name = "Package/Case"; Value = "SOD323F"; VariantName = "[No Variations]"
Add component (AddParameter): Name = "Supplier 1"; Value = "Digi-Key"; VariantName = "[No Variations]"
Add component (AddParameter): Name = "Supplier Part Number 1"; Value = "MM3Z3V3BCT-ND"; VariantName = "[No Variations]"
Add component (AddParameter): Name = "Working Voltage"; Value = "3.3V"; VariantName = "[No Variations]"
Added Component: Designator=D16(DIO_ZENER_3V3)
Add component (AddParameter): Name = "Forward Voltage"; Value = "1V"; VariantName = "[No Variations]"
Add component (AddParameter): Name = "Manufacturer 1"; Value = "ON Semiconductor / Fairchild"; VariantName = "[No Variations]"
Add component (AddParameter): Name = "Manufacturer Part Number 1"; Value = "MM3Z3V3B"; VariantName = "[No Variations]"
Add component (AddParameter): Name = "Package/Case"; Value = "SOD323F"; VariantName = "[No Variations]"
Add component (AddParameter): Name = "Supplier 1"; Value = "Digi-Key"; VariantName = "[No Variations]"
Add component (AddParameter): Name = "Supplier Part Number 1"; Value = "MM3Z3V3BCT-ND"; VariantName = "[No Variations]"
Add component (AddParameter): Name = "Working Voltage"; Value = "3.3V"; VariantName = "[No Variations]"
Added Component: Designator=D17(SOD-123_FLAT)
Add component (AddParameter): Name = "Manufacturer 1"; Value = "SMC Diode Solutions"; VariantName = "[No Variations]"
Add component (AddParameter): Name = "Manufacturer Part Number 1"; Value = "DSS110U"; VariantName = "[No Variations]"
Add component (AddParameter): Name = "Mounting Type"; Value = "SMD"; VariantName = "[No Variations]"
Add component (AddParameter): Name = "Package/Footprint"; Value = "SOD-123F"; VariantName = "[No Variations]"
Add component (AddParameter): Name = "Supplier 1"; Value = "Digi-Key"; VariantName = "[No Variations]"
Add component (AddParameter): Name = "Supplier Part Number 1"; Value = "1655-DSS110UCT-ND"; VariantName = "[No Variations]"
Add component (AddParameter): Name = "Vr (Max)"; Value = "100V"; VariantName = "[No Variations]"
Added Component: Designator=D18(SOD-123_FLAT)
Add component (AddParameter): Name = "Manufacturer 1"; Value = "SMC Diode Solutions"; VariantName = "[No Variations]"
Add component (AddParameter): Name = "Manufacturer Part Number 1"; Value = "DSS110U"; VariantName = "[No Variations]"
Add component (AddParameter): Name = "Mounting Type"; Value = "SMD"; VariantName = "[No Variations]"
Add component (AddParameter): Name = "Package/Footprint"; Value = "SOD-123F"; VariantName = "[No Variations]"
Add component (AddParameter): Name = "Supplier 1"; Value = "Digi-Key"; VariantName = "[No Variations]"
Add component (AddParameter): Name = "Supplier Part Number 1"; Value = "1655-DSS110UCT-ND"; VariantName = "[No Variations]"
Add component (AddParameter): Name = "Vr (Max)"; Value = "100V"; VariantName = "[No Variations]"
Added Component: Designator=D19(SOD-123_FLAT)
Add component (AddParameter): Name = "Forward Voltage"; Value = "900mV"; VariantName = "[No Variations]"
Add component (AddParameter): Name = "Manufacturer 1"; Value = "Diodes Incorporated"; VariantName = "[No Variations]"
Add component (AddParameter): Name = "Manufacturer Part Number 1"; Value = "DDZ9703-7"; VariantName = "[No Variations]"
Add component (AddParameter): Name = "Supplier 1"; Value = "Digi-Key"; VariantName = "[No Variations]"
Add component (AddParameter): Name = "Supplier Part Number 1"; Value = "DDZ9703-7DICT-ND"; VariantName = "[No Variations]"
Added Component: Designator=D20(SOD-123_FLAT)
Add component (AddParameter): Name = "Forward Voltage"; Value = "900mV"; VariantName = "[No Variations]"
Add component (AddParameter): Name = "Manufacturer 1"; Value = "Diodes Incorporated"; VariantName = "[No Variations]"
Add component (AddParameter): Name = "Manufacturer Part Number 1"; Value = "DDZ9703-7"; VariantName = "[No Variations]"
Add component (AddParameter): Name = "Supplier 1"; Value = "Digi-Key"; VariantName = "[No Variations]"
Add component (AddParameter): Name = "Supplier Part Number 1"; Value = "DDZ9703-7DICT-ND"; VariantName = "[No Variations]"
Added Component: Designator=D21(SOD-123_FLAT)
Add component (AddParameter): Name = "Manufacturer 1"; Value = "SMC Diode Solutions"; VariantName = "[No Variations]"
Add component (AddParameter): Name = "Manufacturer Part Number 1"; Value = "DSS110U"; VariantName = "[No Variations]"
Add component (AddParameter): Name = "Mounting Type"; Value = "SMD"; VariantName = "[No Variations]"
Add component (AddParameter): Name = "Package/Footprint"; Value = "SOD-123F"; VariantName = "[No Variations]"
Add component (AddParameter): Name = "Supplier 1"; Value = "Digi-Key"; VariantName = "[No Variations]"
Add component (AddParameter): Name = "Supplier Part Number 1"; Value = "1655-DSS110UCT-ND"; VariantName = "[No Variations]"
Add component (AddParameter): Name = "Vr (Max)"; Value = "100V"; VariantName = "[No Variations]"
Added Component: Designator=D22(SOD-123_FLAT)
Add component (AddParameter): Name = "Forward Voltage"; Value = "900mV"; VariantName = "[No Variations]"
Add component (AddParameter): Name = "Manufacturer 1"; Value = "Diodes Incorporated"; VariantName = "[No Variations]"
Add component (AddParameter): Name = "Manufacturer Part Number 1"; Value = "DDZ9703-7"; VariantName = "[No Variations]"
Add component (AddParameter): Name = "Supplier 1"; Value = "Digi-Key"; VariantName = "[No Variations]"
Add component (AddParameter): Name = "Supplier Part Number 1"; Value = "DDZ9703-7DICT-ND"; VariantName = "[No Variations]"
Added Component: Designator=D23(DIODSOD-123)
Add component (AddParameter): Name = "Manufacturer 1"; Value = "Nexperia"; VariantName = "[No Variations]"
Add component (AddParameter): Name = "Manufacturer Part Number 1"; Value = "BAS16GW"; VariantName = "[No Variations]"
Add component (AddParameter): Name = "Mounting Type"; Value = "SMD"; VariantName = "[No Variations]"
Add component (AddParameter): Name = "Package"; Value = "SOD-123"; VariantName = "[No Variations]"
Add component (AddParameter): Name = "Package/Footprint"; Value = "SOD-123"; VariantName = "[No Variations]"
Add component (AddParameter): Name = "Supplier 1"; Value = "Digi-Key"; VariantName = "[No Variations]"
Add component (AddParameter): Name = "Supplier Part Number 1"; Value = "1727-7320-1-ND"; VariantName = "[No Variations]"
Add component (AddParameter): Name = "Verified"; Value = "No"; VariantName = "[No Variations]"
Added Component: Designator=D24(SOD-123_FLAT)
Add component (AddParameter): Name = "Manufacturer 1"; Value = "SMC Diode Solutions"; VariantName = "[No Variations]"
Add component (AddParameter): Name = "Manufacturer Part Number 1"; Value = "DSS110U"; VariantName = "[No Variations]"
Add component (AddParameter): Name = "Mounting Type"; Value = "SMD"; VariantName = "[No Variations]"
Add component (AddParameter): Name = "Package/Footprint"; Value = "SOD-123F"; VariantName = "[No Variations]"
Add component (AddParameter): Name = "Supplier 1"; Value = "Digi-Key"; VariantName = "[No Variations]"
Add component (AddParameter): Name = "Supplier Part Number 1"; Value = "1655-DSS110UCT-ND"; VariantName = "[No Variations]"
Add component (AddParameter): Name = "Vr (Max)"; Value = "100V"; VariantName = "[No Variations]"
Added Component: Designator=F1(FUSE_456SDE_LITTLEFUSE)
Add component (AddParameter): Name = "Current Rating"; Value = "60A"; VariantName = "[No Variations]"
Add component (AddParameter): Name = "Manufacturer 1"; Value = "Littelfuse Inc."; VariantName = "[No Variations]"
Add component (AddParameter): Name = "Manufacturer Part Number 1"; Value = "0456060.DRSDE"; VariantName = "[No Variations]"
Add component (AddParameter): Name = "Mounting Type"; Value = "SMD"; VariantName = "[No Variations]"
Add component (AddParameter): Name = "Supplier 1"; Value = "Digi-Key"; VariantName = "[No Variations]"
Add component (AddParameter): Name = "Supplier Part Number 1"; Value = "18-0456060.DRSDECT-ND"; VariantName = "[No Variations]"
Add component (AddParameter): Name = "Verified"; Value = "No"; VariantName = "[No Variations]"
Added Component: Designator=J1(MOLEX-532610871)
Add component (AddParameter): Name = "Manufacturer 1"; Value = "Molex"; VariantName = "[No Variations]"
Add component (AddParameter): Name = "Manufacturer Part Number 1"; Value = "0532610871"; VariantName = "[No Variations]"
Add component (AddParameter): Name = "Supplier 1"; Value = "Digi-Key"; VariantName = "[No Variations]"
Add component (AddParameter): Name = "Supplier Part Number 1"; Value = "WM7626CT-ND"; VariantName = "[No Variations]"
Added Component: Designator=J2(MOLEX-IGRID 9X2 THRA)
Add component (AddParameter): Name = "Current Rating"; Value = "7.5A"; VariantName = "[No Variations]"
Add component (AddParameter): Name = "Manufacturer 1"; Value = "Molex"; VariantName = "[No Variations]"
Add component (AddParameter): Name = "Manufacturer Part Number 1"; Value = "5018761840"; VariantName = "[No Variations]"
Add component (AddParameter): Name = "Pitch"; Value = "2mm"; VariantName = "[No Variations]"
Add component (AddParameter): Name = "Supplier 1"; Value = "Digi-Key"; VariantName = "[No Variations]"
Add component (AddParameter): Name = "Supplier Part Number 1"; Value = "WM12314-ND"; VariantName = "[No Variations]"
Add component (AddParameter): Name = "Voltage Rating"; Value = "250V"; VariantName = "[No Variations]"
Added Component: Designator=J3(MOLEX-NANOFIT 6x2 THRA)
Add component (AddParameter): Name = "Current Rating"; Value = "15A"; VariantName = "[No Variations]"
Add component (AddParameter): Name = "Manufacturer 1"; Value = "Molex"; VariantName = "[No Variations]"
Add component (AddParameter): Name = "Manufacturer Part Number 1"; Value = "1053141112"; VariantName = "[No Variations]"
Add component (AddParameter): Name = "Pitch"; Value = "3.5mm"; VariantName = "[No Variations]"
Add component (AddParameter): Name = "Supplier 1"; Value = "Digi-Key"; VariantName = "[No Variations]"
Add component (AddParameter): Name = "Supplier Part Number 1"; Value = "WM16911-ND"; VariantName = "[No Variations]"
Add component (AddParameter): Name = "Voltage Rating"; Value = "400V"; VariantName = "[No Variations]"
Added Component: Designator=J8(HDR1X6)
Add component (AddParameter): Name = "Manufacturer 1"; Value = "Würth Elektronik"; VariantName = "[No Variations]"
Add component (AddParameter): Name = "Manufacturer Part Number 1"; Value = "61300611121"; VariantName = "[No Variations]"
Add component (AddParameter): Name = "Mounting Type"; Value = "TH"; VariantName = "[No Variations]"
Add component (AddParameter): Name = "Pitch"; Value = "2.54mm"; VariantName = "[No Variations]"
Add component (AddParameter): Name = "Supplier 1"; Value = "Digi-Key"; VariantName = "[No Variations]"
Add component (AddParameter): Name = "Supplier Part Number 1"; Value = "732-5319-ND"; VariantName = "[No Variations]"
Added Component: Designator=J9(MOLEX-NANOFIT 2x2 THRA)
Add component (AddParameter): Name = "Current Rating"; Value = "7.5A"; VariantName = "[No Variations]"
Add component (AddParameter): Name = "Manufacturer 1"; Value = "Molex"; VariantName = "[No Variations]"
Add component (AddParameter): Name = "Manufacturer Part Number 1"; Value = "1053141104"; VariantName = "[No Variations]"
Add component (AddParameter): Name = "Pitch"; Value = "2.5mm"; VariantName = "[No Variations]"
Add component (AddParameter): Name = "Supplier 1"; Value = "Digi-Key"; VariantName = "[No Variations]"
Add component (AddParameter): Name = "Supplier Part Number 1"; Value = "WM16907-ND"; VariantName = "[No Variations]"
Add component (AddParameter): Name = "Voltage Rating"; Value = "250V"; VariantName = "[No Variations]"
Added Component: Designator=J10(HDR1X5)
Add component (AddParameter): Name = "Manufacturer 1"; Value = "Würth Elektronik"; VariantName = "[No Variations]"
Add component (AddParameter): Name = "Manufacturer Part Number 1"; Value = "61300511121"; VariantName = "[No Variations]"
Add component (AddParameter): Name = "Mounting Type"; Value = "TH"; VariantName = "[No Variations]"
Add component (AddParameter): Name = "Pitch"; Value = "2.54mm"; VariantName = "[No Variations]"
Add component (AddParameter): Name = "Supplier 1"; Value = "Digi-Key"; VariantName = "[No Variations]"
Add component (AddParameter): Name = "Supplier Part Number 1"; Value = "732-5318-ND"; VariantName = "[No Variations]"
Added Component: Designator=J12(MOLEX-5025850370)
Add component (AddParameter): Name = "Current Rating"; Value = "2A"; VariantName = "[No Variations]"
Add component (AddParameter): Name = "Family"; Value = "CLIK-Mate"; VariantName = "[No Variations]"
Add component (AddParameter): Name = "Manufacturer 1"; Value = "Molex"; VariantName = "[No Variations]"
Add component (AddParameter): Name = "Manufacturer Part Number 1"; Value = "5025850370"; VariantName = "[No Variations]"
Add component (AddParameter): Name = "Mounting Type"; Value = "SMD"; VariantName = "[No Variations]"
Add component (AddParameter): Name = "Orientation"; Value = "Right Angle"; VariantName = "[No Variations]"
Add component (AddParameter): Name = "Package/Footprint"; Value = "SMD"; VariantName = "[No Variations]"
Add component (AddParameter): Name = "Pitch"; Value = "1.5mm"; VariantName = "[No Variations]"
Add component (AddParameter): Name = "Supplier 1"; Value = "Digi-Key"; VariantName = "[No Variations]"
Add component (AddParameter): Name = "Supplier Part Number 1"; Value = "WM12831CT-ND"; VariantName = "[No Variations]"
Add component (AddParameter): Name = "Voltage Rating"; Value = "100V"; VariantName = "[No Variations]"
Added Component: Designator=J14(HDR1X3)
Add component (AddParameter): Name = "Manufacturer 1"; Value = "Würth Elektronik"; VariantName = "[No Variations]"
Add component (AddParameter): Name = "Manufacturer Part Number 1"; Value = "61300311121"; VariantName = "[No Variations]"
Add component (AddParameter): Name = "Mounting Type"; Value = "TH"; VariantName = "[No Variations]"
Add component (AddParameter): Name = "Pitch"; Value = "2.54mm"; VariantName = "[No Variations]"
Add component (AddParameter): Name = "Supplier 1"; Value = "Digi-Key"; VariantName = "[No Variations]"
Add component (AddParameter): Name = "Supplier Part Number 1"; Value = "732-5316-ND"; VariantName = "[No Variations]"
Added Component: Designator=LED1(LED_0805_GREEN)
Add component (AddParameter): Name = "Forward Voltage Drop"; Value = "2.2V"; VariantName = "[No Variations]"
Add component (AddParameter): Name = "Manufacturer 1"; Value = "OSRAM"; VariantName = "[No Variations]"
Add component (AddParameter): Name = "Manufacturer Part Number 1"; Value = "LG R971-KN-1"; VariantName = "[No Variations]"
Add component (AddParameter): Name = "Mounting Type"; Value = "SMD"; VariantName = "[No Variations]"
Add component (AddParameter): Name = "Package/Footprint"; Value = "0805"; VariantName = "[No Variations]"
Add component (AddParameter): Name = "Supplier 1"; Value = "Digi-Key"; VariantName = "[No Variations]"
Add component (AddParameter): Name = "Supplier Part Number 1"; Value = "475-1410-1-ND"; VariantName = "[No Variations]"
Added Component: Designator=MH1(MOUNTING_HOLE_3mm)
Added Component: Designator=MH2(MOUNTING_HOLE_3mm)
Added Component: Designator=MH3(MOUNTING_HOLE_3mm)
Added Component: Designator=MH4(MOUNTING_HOLE_3mm)
Added Component: Designator=MH5(MOUNTING_HOLE_5mm)
Added Component: Designator=MH6(MOUNTING_HOLE_5mm)
Added Component: Designator=MH7(MOUNTING_HOLE_5mm)
Added Component: Designator=MH8(MOUNTING_HOLE_5mm)
Added Component: Designator=NT1(NET_TIE)
Added Component: Designator=Q1(SOT23-3)
Add component (AddParameter): Name = "Manufacturer 1"; Value = "Vishay Siliconix"; VariantName = "[No Variations]"
Add component (AddParameter): Name = "Manufacturer Part Number 1"; Value = "SI2302CDS-T1-E3"; VariantName = "[No Variations]"
Add component (AddParameter): Name = "Package/Footprint"; Value = "SOT-23-3"; VariantName = "[No Variations]"
Add component (AddParameter): Name = "Supplier 1"; Value = "Digi-Key"; VariantName = "[No Variations]"
Add component (AddParameter): Name = "Supplier Part Number 1"; Value = "SI2302CDS-T1-E3CT-ND"; VariantName = "[No Variations]"
Added Component: Designator=Q2(SOT23-3)
Add component (AddParameter): Name = "Manufacturer 1"; Value = "Vishay Siliconix"; VariantName = "[No Variations]"
Add component (AddParameter): Name = "Manufacturer Part Number 1"; Value = "SI2302CDS-T1-E3"; VariantName = "[No Variations]"
Add component (AddParameter): Name = "Package/Footprint"; Value = "SOT-23-3"; VariantName = "[No Variations]"
Add component (AddParameter): Name = "Supplier 1"; Value = "Digi-Key"; VariantName = "[No Variations]"
Add component (AddParameter): Name = "Supplier Part Number 1"; Value = "SI2302CDS-T1-E3CT-ND"; VariantName = "[No Variations]"
Added Component: Designator=Q3(SOT23-3)
Add component (AddParameter): Name = "Manufacturer 1"; Value = "Vishay Siliconix"; VariantName = "[No Variations]"
Add component (AddParameter): Name = "Manufacturer Part Number 1"; Value = "SI2302CDS-T1-E3"; VariantName = "[No Variations]"
Add component (AddParameter): Name = "Package/Footprint"; Value = "SOT-23-3"; VariantName = "[No Variations]"
Add component (AddParameter): Name = "Supplier 1"; Value = "Digi-Key"; VariantName = "[No Variations]"
Add component (AddParameter): Name = "Supplier Part Number 1"; Value = "SI2302CDS-T1-E3CT-ND"; VariantName = "[No Variations]"
Added Component: Designator=Q4(SOT23-3)
Add component (AddParameter): Name = "Manufacturer 1"; Value = "Vishay Siliconix"; VariantName = "[No Variations]"
Add component (AddParameter): Name = "Manufacturer Part Number 1"; Value = "SI2302CDS-T1-E3"; VariantName = "[No Variations]"
Add component (AddParameter): Name = "Package/Footprint"; Value = "SOT-23-3"; VariantName = "[No Variations]"
Add component (AddParameter): Name = "Supplier 1"; Value = "Digi-Key"; VariantName = "[No Variations]"
Add component (AddParameter): Name = "Supplier Part Number 1"; Value = "SI2302CDS-T1-E3CT-ND"; VariantName = "[No Variations]"
Added Component: Designator=Q5(SOT23-3)
Add component (AddParameter): Name = "Manufacturer 1"; Value = "Vishay Siliconix"; VariantName = "[No Variations]"
Add component (AddParameter): Name = "Manufacturer Part Number 1"; Value = "SI2302CDS-T1-E3"; VariantName = "[No Variations]"
Add component (AddParameter): Name = "Package/Footprint"; Value = "SOT-23-3"; VariantName = "[No Variations]"
Add component (AddParameter): Name = "Supplier 1"; Value = "Digi-Key"; VariantName = "[No Variations]"
Add component (AddParameter): Name = "Supplier Part Number 1"; Value = "SI2302CDS-T1-E3CT-ND"; VariantName = "[No Variations]"
Added Component: Designator=Q6(SOT23-3)
Add component (AddParameter): Name = "Manufacturer 1"; Value = "Vishay Siliconix"; VariantName = "[No Variations]"
Add component (AddParameter): Name = "Manufacturer Part Number 1"; Value = "SI2302CDS-T1-E3"; VariantName = "[No Variations]"
Add component (AddParameter): Name = "Package/Footprint"; Value = "SOT-23-3"; VariantName = "[No Variations]"
Add component (AddParameter): Name = "Supplier 1"; Value = "Digi-Key"; VariantName = "[No Variations]"
Add component (AddParameter): Name = "Supplier Part Number 1"; Value = "SI2302CDS-T1-E3CT-ND"; VariantName = "[No Variations]"
Added Component: Designator=Q7(SOT23-3)
Add component (AddParameter): Name = "Manufacturer 1"; Value = "Vishay Siliconix"; VariantName = "[No Variations]"
Add component (AddParameter): Name = "Manufacturer Part Number 1"; Value = "SI2302CDS-T1-E3"; VariantName = "[No Variations]"
Add component (AddParameter): Name = "Package/Footprint"; Value = "SOT-23-3"; VariantName = "[No Variations]"
Add component (AddParameter): Name = "Supplier 1"; Value = "Digi-Key"; VariantName = "[No Variations]"
Add component (AddParameter): Name = "Supplier Part Number 1"; Value = "SI2302CDS-T1-E3CT-ND"; VariantName = "[No Variations]"
Added Component: Designator=Q8(SOT23-3)
Add component (AddParameter): Name = "Manufacturer 1"; Value = "Vishay Siliconix"; VariantName = "[No Variations]"
Add component (AddParameter): Name = "Manufacturer Part Number 1"; Value = "SI2302CDS-T1-E3"; VariantName = "[No Variations]"
Add component (AddParameter): Name = "Package/Footprint"; Value = "SOT-23-3"; VariantName = "[No Variations]"
Add component (AddParameter): Name = "Supplier 1"; Value = "Digi-Key"; VariantName = "[No Variations]"
Add component (AddParameter): Name = "Supplier Part Number 1"; Value = "SI2302CDS-T1-E3CT-ND"; VariantName = "[No Variations]"
Added Component: Designator=Q9(SOT23-3)
Add component (AddParameter): Name = "Manufacturer 1"; Value = "Vishay Siliconix"; VariantName = "[No Variations]"
Add component (AddParameter): Name = "Manufacturer Part Number 1"; Value = "SI2302CDS-T1-E3"; VariantName = "[No Variations]"
Add component (AddParameter): Name = "Package/Footprint"; Value = "SOT-23-3"; VariantName = "[No Variations]"
Add component (AddParameter): Name = "Supplier 1"; Value = "Digi-Key"; VariantName = "[No Variations]"
Add component (AddParameter): Name = "Supplier Part Number 1"; Value = "SI2302CDS-T1-E3CT-ND"; VariantName = "[No Variations]"
Added Component: Designator=Q10(SOT23-3)
Add component (AddParameter): Name = "Manufacturer 1"; Value = "Vishay Siliconix"; VariantName = "[No Variations]"
Add component (AddParameter): Name = "Manufacturer Part Number 1"; Value = "SI2302CDS-T1-E3"; VariantName = "[No Variations]"
Add component (AddParameter): Name = "Package/Footprint"; Value = "SOT-23-3"; VariantName = "[No Variations]"
Add component (AddParameter): Name = "Supplier 1"; Value = "Digi-Key"; VariantName = "[No Variations]"
Add component (AddParameter): Name = "Supplier Part Number 1"; Value = "SI2302CDS-T1-E3CT-ND"; VariantName = "[No Variations]"
Added Component: Designator=Q11(SOT23-3)
Add component (AddParameter): Name = "Manufacturer 1"; Value = "Vishay Siliconix"; VariantName = "[No Variations]"
Add component (AddParameter): Name = "Manufacturer Part Number 1"; Value = "SI2302CDS-T1-E3"; VariantName = "[No Variations]"
Add component (AddParameter): Name = "Package/Footprint"; Value = "SOT-23-3"; VariantName = "[No Variations]"
Add component (AddParameter): Name = "Supplier 1"; Value = "Digi-Key"; VariantName = "[No Variations]"
Add component (AddParameter): Name = "Supplier Part Number 1"; Value = "SI2302CDS-T1-E3CT-ND"; VariantName = "[No Variations]"
Added Component: Designator=Q12(SOT23-3)
Add component (AddParameter): Name = "Manufacturer 1"; Value = "Vishay Siliconix"; VariantName = "[No Variations]"
Add component (AddParameter): Name = "Manufacturer Part Number 1"; Value = "SI2302CDS-T1-E3"; VariantName = "[No Variations]"
Add component (AddParameter): Name = "Package/Footprint"; Value = "SOT-23-3"; VariantName = "[No Variations]"
Add component (AddParameter): Name = "Supplier 1"; Value = "Digi-Key"; VariantName = "[No Variations]"
Add component (AddParameter): Name = "Supplier Part Number 1"; Value = "SI2302CDS-T1-E3CT-ND"; VariantName = "[No Variations]"
Added Component: Designator=Q13(TO-252 AOSMD)
Add component (AddParameter): Name = "Id"; Value = "26A"; VariantName = "[No Variations]"
Add component (AddParameter): Name = "Manufacturer 1"; Value = "Alpha & Omega Semiconductor Inc."; VariantName = "[No Variations]"
Add component (AddParameter): Name = "Manufacturer Part Number 1"; Value = "AOD409"; VariantName = "[No Variations]"
Add component (AddParameter): Name = "Mounting Type"; Value = "SMD"; VariantName = "[No Variations]"
Add component (AddParameter): Name = "Supplier 1"; Value = "Digi-Key"; VariantName = "[No Variations]"
Add component (AddParameter): Name = "Supplier Part Number 1"; Value = "785-1103-1-ND"; VariantName = "[No Variations]"
Add component (AddParameter): Name = "Vdss"; Value = "60V"; VariantName = "[No Variations]"
Add component (AddParameter): Name = "Vgs (Max)"; Value = "±20V"; VariantName = "[No Variations]"
Added Component: Designator=Q14(SOT23-3)
Add component (AddParameter): Name = "Manufacturer 1"; Value = "Vishay Siliconix"; VariantName = "[No Variations]"
Add component (AddParameter): Name = "Manufacturer Part Number 1"; Value = "SI2302CDS-T1-E3"; VariantName = "[No Variations]"
Add component (AddParameter): Name = "Package/Footprint"; Value = "SOT-23-3"; VariantName = "[No Variations]"
Add component (AddParameter): Name = "Supplier 1"; Value = "Digi-Key"; VariantName = "[No Variations]"
Add component (AddParameter): Name = "Supplier Part Number 1"; Value = "SI2302CDS-T1-E3CT-ND"; VariantName = "[No Variations]"
Added Component: Designator=Q15(SOT23-3)
Add component (AddParameter): Name = "Manufacturer 1"; Value = "Vishay Siliconix"; VariantName = "[No Variations]"
Add component (AddParameter): Name = "Manufacturer Part Number 1"; Value = "SI2302CDS-T1-E3"; VariantName = "[No Variations]"
Add component (AddParameter): Name = "Package/Footprint"; Value = "SOT-23-3"; VariantName = "[No Variations]"
Add component (AddParameter): Name = "Supplier 1"; Value = "Digi-Key"; VariantName = "[No Variations]"
Add component (AddParameter): Name = "Supplier Part Number 1"; Value = "SI2302CDS-T1-E3CT-ND"; VariantName = "[No Variations]"
Added Component: Designator=Q16(SOT23-3)
Add component (AddParameter): Name = "Manufacturer 1"; Value = "Vishay Siliconix"; VariantName = "[No Variations]"
Add component (AddParameter): Name = "Manufacturer Part Number 1"; Value = "SI2302CDS-T1-E3"; VariantName = "[No Variations]"
Add component (AddParameter): Name = "Package/Footprint"; Value = "SOT-23-3"; VariantName = "[No Variations]"
Add component (AddParameter): Name = "Supplier 1"; Value = "Digi-Key"; VariantName = "[No Variations]"
Add component (AddParameter): Name = "Supplier Part Number 1"; Value = "SI2302CDS-T1-E3CT-ND"; VariantName = "[No Variations]"
Added Component: Designator=Q17(SOT23-3)
Add component (AddParameter): Name = "Manufacturer 1"; Value = "Vishay Siliconix"; VariantName = "[No Variations]"
Add component (AddParameter): Name = "Manufacturer Part Number 1"; Value = "SI2302CDS-T1-E3"; VariantName = "[No Variations]"
Add component (AddParameter): Name = "Package/Footprint"; Value = "SOT-23-3"; VariantName = "[No Variations]"
Add component (AddParameter): Name = "Supplier 1"; Value = "Digi-Key"; VariantName = "[No Variations]"
Add component (AddParameter): Name = "Supplier Part Number 1"; Value = "SI2302CDS-T1-E3CT-ND"; VariantName = "[No Variations]"
Added Component: Designator=Q18(SOT23-3)
Add component (AddParameter): Name = "Manufacturer 1"; Value = "Vishay Siliconix"; VariantName = "[No Variations]"
Add component (AddParameter): Name = "Manufacturer Part Number 1"; Value = "SI2302CDS-T1-E3"; VariantName = "[No Variations]"
Add component (AddParameter): Name = "Package/Footprint"; Value = "SOT-23-3"; VariantName = "[No Variations]"
Add component (AddParameter): Name = "Supplier 1"; Value = "Digi-Key"; VariantName = "[No Variations]"
Add component (AddParameter): Name = "Supplier Part Number 1"; Value = "SI2302CDS-T1-E3CT-ND"; VariantName = "[No Variations]"
Added Component: Designator=Q21(SOT23-3)
Add component (AddParameter): Name = "Manufacturer 1"; Value = "Diodes Incorporated"; VariantName = "[No Variations]"
Add component (AddParameter): Name = "Manufacturer Part Number 1"; Value = "BSS123-7-F"; VariantName = "[No Variations]"
Add component (AddParameter): Name = "Supplier 1"; Value = "Digi-Key"; VariantName = "[No Variations]"
Add component (AddParameter): Name = "Supplier Part Number 1"; Value = "BSS123-FDICT-ND"; VariantName = "[No Variations]"
Added Component: Designator=Q23(TO-252 AOSMD)
Add component (AddParameter): Name = "Id"; Value = "26A"; VariantName = "[No Variations]"
Add component (AddParameter): Name = "Manufacturer 1"; Value = "Alpha & Omega Semiconductor Inc."; VariantName = "[No Variations]"
Add component (AddParameter): Name = "Manufacturer Part Number 1"; Value = "AOD409"; VariantName = "[No Variations]"
Add component (AddParameter): Name = "Mounting Type"; Value = "SMD"; VariantName = "[No Variations]"
Add component (AddParameter): Name = "Supplier 1"; Value = "Digi-Key"; VariantName = "[No Variations]"
Add component (AddParameter): Name = "Supplier Part Number 1"; Value = "785-1103-1-ND"; VariantName = "[No Variations]"
Add component (AddParameter): Name = "Vdss"; Value = "60V"; VariantName = "[No Variations]"
Add component (AddParameter): Name = "Vgs (Max)"; Value = "±20V"; VariantName = "[No Variations]"
Added Component: Designator=Q25(SOT23-3)
Add component (AddParameter): Name = "Manufacturer 1"; Value = "Diodes Incorporated"; VariantName = "[No Variations]"
Add component (AddParameter): Name = "Manufacturer Part Number 1"; Value = "FMMT493TA"; VariantName = "[No Variations]"
Add component (AddParameter): Name = "Package"; Value = "SOT-23-3"; VariantName = "[No Variations]"
Add component (AddParameter): Name = "Supplier 1"; Value = "Digi-Key"; VariantName = "[No Variations]"
Add component (AddParameter): Name = "Supplier Part Number 1"; Value = "FMMT493CT-ND"; VariantName = "[No Variations]"
Added Component: Designator=Q26(INFINEON_8-POWERTDFN)
Add component (AddParameter): Name = "FET Type"; Value = "N-Channel"; VariantName = "[No Variations]"
Add component (AddParameter): Name = "Id"; Value = "30A"; VariantName = "[No Variations]"
Add component (AddParameter): Name = "Manufacturer 1"; Value = "Infineon Technologies"; VariantName = "[No Variations]"
Add component (AddParameter): Name = "Manufacturer Part Number 1"; Value = "BSC014N06NSATMA1"; VariantName = "[No Variations]"
Add component (AddParameter): Name = "Power Dissipation (Max)"; Value = "2.5W"; VariantName = "[No Variations]"
Add component (AddParameter): Name = "Supplier 1"; Value = "Digi-Key"; VariantName = "[No Variations]"
Add component (AddParameter): Name = "Supplier Device Package"; Value = "8-PowerTDFN"; VariantName = "[No Variations]"
Add component (AddParameter): Name = "Supplier Part Number 1"; Value = "BSC014N06NSATMA1CT-ND"; VariantName = "[No Variations]"
Add component (AddParameter): Name = "Vdss"; Value = "60V"; VariantName = "[No Variations]"
Add component (AddParameter): Name = "Vgs (Max)"; Value = "20V"; VariantName = "[No Variations]"
Added Component: Designator=Q27(INFINEON_8-POWERTDFN)
Add component (AddParameter): Name = "FET Type"; Value = "N-Channel"; VariantName = "[No Variations]"
Add component (AddParameter): Name = "Id"; Value = "30A"; VariantName = "[No Variations]"
Add component (AddParameter): Name = "Manufacturer 1"; Value = "Infineon Technologies"; VariantName = "[No Variations]"
Add component (AddParameter): Name = "Manufacturer Part Number 1"; Value = "BSC014N06NSATMA1"; VariantName = "[No Variations]"
Add component (AddParameter): Name = "Power Dissipation (Max)"; Value = "2.5W"; VariantName = "[No Variations]"
Add component (AddParameter): Name = "Supplier 1"; Value = "Digi-Key"; VariantName = "[No Variations]"
Add component (AddParameter): Name = "Supplier Device Package"; Value = "8-PowerTDFN"; VariantName = "[No Variations]"
Add component (AddParameter): Name = "Supplier Part Number 1"; Value = "BSC014N06NSATMA1CT-ND"; VariantName = "[No Variations]"
Add component (AddParameter): Name = "Vdss"; Value = "60V"; VariantName = "[No Variations]"
Add component (AddParameter): Name = "Vgs (Max)"; Value = "20V"; VariantName = "[No Variations]"
Added Component: Designator=Q28(INFINEON_8-POWERTDFN)
Add component (AddParameter): Name = "FET Type"; Value = "N-Channel"; VariantName = "[No Variations]"
Add component (AddParameter): Name = "Id"; Value = "30A"; VariantName = "[No Variations]"
Add component (AddParameter): Name = "Manufacturer 1"; Value = "Infineon Technologies"; VariantName = "[No Variations]"
Add component (AddParameter): Name = "Manufacturer Part Number 1"; Value = "BSC014N06NSATMA1"; VariantName = "[No Variations]"
Add component (AddParameter): Name = "Power Dissipation (Max)"; Value = "2.5W"; VariantName = "[No Variations]"
Add component (AddParameter): Name = "Supplier 1"; Value = "Digi-Key"; VariantName = "[No Variations]"
Add component (AddParameter): Name = "Supplier Device Package"; Value = "8-PowerTDFN"; VariantName = "[No Variations]"
Add component (AddParameter): Name = "Supplier Part Number 1"; Value = "BSC014N06NSATMA1CT-ND"; VariantName = "[No Variations]"
Add component (AddParameter): Name = "Vdss"; Value = "60V"; VariantName = "[No Variations]"
Add component (AddParameter): Name = "Vgs (Max)"; Value = "20V"; VariantName = "[No Variations]"
Added Component: Designator=Q29(INFINEON_8-POWERTDFN)
Add component (AddParameter): Name = "FET Type"; Value = "N-Channel"; VariantName = "[No Variations]"
Add component (AddParameter): Name = "Id"; Value = "30A"; VariantName = "[No Variations]"
Add component (AddParameter): Name = "Manufacturer 1"; Value = "Infineon Technologies"; VariantName = "[No Variations]"
Add component (AddParameter): Name = "Manufacturer Part Number 1"; Value = "BSC014N06NSATMA1"; VariantName = "[No Variations]"
Add component (AddParameter): Name = "Power Dissipation (Max)"; Value = "2.5W"; VariantName = "[No Variations]"
Add component (AddParameter): Name = "Supplier 1"; Value = "Digi-Key"; VariantName = "[No Variations]"
Add component (AddParameter): Name = "Supplier Device Package"; Value = "8-PowerTDFN"; VariantName = "[No Variations]"
Add component (AddParameter): Name = "Supplier Part Number 1"; Value = "BSC014N06NSATMA1CT-ND"; VariantName = "[No Variations]"
Add component (AddParameter): Name = "Vdss"; Value = "60V"; VariantName = "[No Variations]"
Add component (AddParameter): Name = "Vgs (Max)"; Value = "20V"; VariantName = "[No Variations]"
Added Component: Designator=Q30(INFINEON_8-POWERTDFN)
Add component (AddParameter): Name = "FET Type"; Value = "N-Channel"; VariantName = "[No Variations]"
Add component (AddParameter): Name = "Id"; Value = "30A"; VariantName = "[No Variations]"
Add component (AddParameter): Name = "Manufacturer 1"; Value = "Infineon Technologies"; VariantName = "[No Variations]"
Add component (AddParameter): Name = "Manufacturer Part Number 1"; Value = "BSC014N06NSATMA1"; VariantName = "[No Variations]"
Add component (AddParameter): Name = "Power Dissipation (Max)"; Value = "2.5W"; VariantName = "[No Variations]"
Add component (AddParameter): Name = "Supplier 1"; Value = "Digi-Key"; VariantName = "[No Variations]"
Add component (AddParameter): Name = "Supplier Device Package"; Value = "8-PowerTDFN"; VariantName = "[No Variations]"
Add component (AddParameter): Name = "Supplier Part Number 1"; Value = "BSC014N06NSATMA1CT-ND"; VariantName = "[No Variations]"
Add component (AddParameter): Name = "Vdss"; Value = "60V"; VariantName = "[No Variations]"
Add component (AddParameter): Name = "Vgs (Max)"; Value = "20V"; VariantName = "[No Variations]"
Added Component: Designator=Q31(INFINEON_8-POWERTDFN)
Add component (AddParameter): Name = "FET Type"; Value = "N-Channel"; VariantName = "[No Variations]"
Add component (AddParameter): Name = "Id"; Value = "30A"; VariantName = "[No Variations]"
Add component (AddParameter): Name = "Manufacturer 1"; Value = "Infineon Technologies"; VariantName = "[No Variations]"
Add component (AddParameter): Name = "Manufacturer Part Number 1"; Value = "BSC014N06NSATMA1"; VariantName = "[No Variations]"
Add component (AddParameter): Name = "Power Dissipation (Max)"; Value = "2.5W"; VariantName = "[No Variations]"
Add component (AddParameter): Name = "Supplier 1"; Value = "Digi-Key"; VariantName = "[No Variations]"
Add component (AddParameter): Name = "Supplier Device Package"; Value = "8-PowerTDFN"; VariantName = "[No Variations]"
Add component (AddParameter): Name = "Supplier Part Number 1"; Value = "BSC014N06NSATMA1CT-ND"; VariantName = "[No Variations]"
Add component (AddParameter): Name = "Vdss"; Value = "60V"; VariantName = "[No Variations]"
Add component (AddParameter): Name = "Vgs (Max)"; Value = "20V"; VariantName = "[No Variations]"
Added Component: Designator=R1(RES0603)
Add component (AddParameter): Name = "Manufacturer 1"; Value = "Yageo"; VariantName = "[No Variations]"
Add component (AddParameter): Name = "Manufacturer Part Number 1"; Value = "RC0603FR-07100RL"; VariantName = "[No Variations]"
Add component (AddParameter): Name = "Supplier 1"; Value = "Digi-Key"; VariantName = "[No Variations]"
Add component (AddParameter): Name = "Supplier Part Number 1"; Value = "311-100HRCT-ND"; VariantName = "[No Variations]"
Add component (AddParameter): Name = "Value"; Value = "100O"; VariantName = "[No Variations]"
Added Component: Designator=R2(RES0603)
Add component (AddParameter): Name = "Manufacturer 1"; Value = "Yageo"; VariantName = "[No Variations]"
Add component (AddParameter): Name = "Manufacturer Part Number 1"; Value = "RC0603FR-07100RL"; VariantName = "[No Variations]"
Add component (AddParameter): Name = "Supplier 1"; Value = "Digi-Key"; VariantName = "[No Variations]"
Add component (AddParameter): Name = "Supplier Part Number 1"; Value = "311-100HRCT-ND"; VariantName = "[No Variations]"
Add component (AddParameter): Name = "Value"; Value = "100O"; VariantName = "[No Variations]"
Added Component: Designator=R3(RES0603)
Add component (AddParameter): Name = "Manufacturer 1"; Value = "Yageo"; VariantName = "[No Variations]"
Add component (AddParameter): Name = "Manufacturer Part Number 1"; Value = "RC0603FR-07100RL"; VariantName = "[No Variations]"
Add component (AddParameter): Name = "Supplier 1"; Value = "Digi-Key"; VariantName = "[No Variations]"
Add component (AddParameter): Name = "Supplier Part Number 1"; Value = "311-100HRCT-ND"; VariantName = "[No Variations]"
Add component (AddParameter): Name = "Value"; Value = "100O"; VariantName = "[No Variations]"
Added Component: Designator=R4(RES0603)
Add component (AddParameter): Name = "Manufacturer 1"; Value = "Yageo"; VariantName = "[No Variations]"
Add component (AddParameter): Name = "Manufacturer Part Number 1"; Value = "RC0603FR-07100RL"; VariantName = "[No Variations]"
Add component (AddParameter): Name = "Supplier 1"; Value = "Digi-Key"; VariantName = "[No Variations]"
Add component (AddParameter): Name = "Supplier Part Number 1"; Value = "311-100HRCT-ND"; VariantName = "[No Variations]"
Add component (AddParameter): Name = "Value"; Value = "100O"; VariantName = "[No Variations]"
Added Component: Designator=R5(RES0603)
Add component (AddParameter): Name = "Manufacturer 1"; Value = "Yageo"; VariantName = "[No Variations]"
Add component (AddParameter): Name = "Manufacturer Part Number 1"; Value = "RC0603FR-07100RL"; VariantName = "[No Variations]"
Add component (AddParameter): Name = "Supplier 1"; Value = "Digi-Key"; VariantName = "[No Variations]"
Add component (AddParameter): Name = "Supplier Part Number 1"; Value = "311-100HRCT-ND"; VariantName = "[No Variations]"
Add component (AddParameter): Name = "Value"; Value = "100O"; VariantName = "[No Variations]"
Added Component: Designator=R6(RES0603)
Add component (AddParameter): Name = "Manufacturer 1"; Value = "Yageo"; VariantName = "[No Variations]"
Add component (AddParameter): Name = "Manufacturer Part Number 1"; Value = "RC0603FR-07100RL"; VariantName = "[No Variations]"
Add component (AddParameter): Name = "Supplier 1"; Value = "Digi-Key"; VariantName = "[No Variations]"
Add component (AddParameter): Name = "Supplier Part Number 1"; Value = "311-100HRCT-ND"; VariantName = "[No Variations]"
Add component (AddParameter): Name = "Value"; Value = "100O"; VariantName = "[No Variations]"
Added Component: Designator=R7(RES0603)
Add component (AddParameter): Name = "Manufacturer 1"; Value = "Yageo"; VariantName = "[No Variations]"
Add component (AddParameter): Name = "Manufacturer Part Number 1"; Value = "RC0603FR-07100RL"; VariantName = "[No Variations]"
Add component (AddParameter): Name = "Supplier 1"; Value = "Digi-Key"; VariantName = "[No Variations]"
Add component (AddParameter): Name = "Supplier Part Number 1"; Value = "311-100HRCT-ND"; VariantName = "[No Variations]"
Add component (AddParameter): Name = "Value"; Value = "100O"; VariantName = "[No Variations]"
Added Component: Designator=R8(RES0603)
Add component (AddParameter): Name = "Manufacturer 1"; Value = "Yageo"; VariantName = "[No Variations]"
Add component (AddParameter): Name = "Manufacturer Part Number 1"; Value = "RC0603FR-07100RL"; VariantName = "[No Variations]"
Add component (AddParameter): Name = "Supplier 1"; Value = "Digi-Key"; VariantName = "[No Variations]"
Add component (AddParameter): Name = "Supplier Part Number 1"; Value = "311-100HRCT-ND"; VariantName = "[No Variations]"
Add component (AddParameter): Name = "Value"; Value = "100O"; VariantName = "[No Variations]"
Added Component: Designator=R9(RES0603)
Add component (AddParameter): Name = "Manufacturer 1"; Value = "Yageo"; VariantName = "[No Variations]"
Add component (AddParameter): Name = "Manufacturer Part Number 1"; Value = "RC0603FR-07100RL"; VariantName = "[No Variations]"
Add component (AddParameter): Name = "Supplier 1"; Value = "Digi-Key"; VariantName = "[No Variations]"
Add component (AddParameter): Name = "Supplier Part Number 1"; Value = "311-100HRCT-ND"; VariantName = "[No Variations]"
Add component (AddParameter): Name = "Value"; Value = "100O"; VariantName = "[No Variations]"
Added Component: Designator=R10(RES0603)
Add component (AddParameter): Name = "Manufacturer 1"; Value = "Yageo"; VariantName = "[No Variations]"
Add component (AddParameter): Name = "Manufacturer Part Number 1"; Value = "RC0603FR-07100RL"; VariantName = "[No Variations]"
Add component (AddParameter): Name = "Supplier 1"; Value = "Digi-Key"; VariantName = "[No Variations]"
Add component (AddParameter): Name = "Supplier Part Number 1"; Value = "311-100HRCT-ND"; VariantName = "[No Variations]"
Add component (AddParameter): Name = "Value"; Value = "100O"; VariantName = "[No Variations]"
Added Component: Designator=R11(RES0603)
Add component (AddParameter): Name = "Manufacturer 1"; Value = "Yageo"; VariantName = "[No Variations]"
Add component (AddParameter): Name = "Manufacturer Part Number 1"; Value = "RC0603FR-07100RL"; VariantName = "[No Variations]"
Add component (AddParameter): Name = "Supplier 1"; Value = "Digi-Key"; VariantName = "[No Variations]"
Add component (AddParameter): Name = "Supplier Part Number 1"; Value = "311-100HRCT-ND"; VariantName = "[No Variations]"
Add component (AddParameter): Name = "Value"; Value = "100O"; VariantName = "[No Variations]"
Added Component: Designator=R12(RES0603)
Add component (AddParameter): Name = "Manufacturer 1"; Value = "Yageo"; VariantName = "[No Variations]"
Add component (AddParameter): Name = "Manufacturer Part Number 1"; Value = "RC0603FR-07100RL"; VariantName = "[No Variations]"
Add component (AddParameter): Name = "Supplier 1"; Value = "Digi-Key"; VariantName = "[No Variations]"
Add component (AddParameter): Name = "Supplier Part Number 1"; Value = "311-100HRCT-ND"; VariantName = "[No Variations]"
Add component (AddParameter): Name = "Value"; Value = "100O"; VariantName = "[No Variations]"
Added Component: Designator=R13(RES0603)
Add component (AddParameter): Name = "Manufacturer 1"; Value = "Yageo"; VariantName = "[No Variations]"
Add component (AddParameter): Name = "Manufacturer Part Number 1"; Value = "RC0603FR-07100RL"; VariantName = "[No Variations]"
Add component (AddParameter): Name = "Supplier 1"; Value = "Digi-Key"; VariantName = "[No Variations]"
Add component (AddParameter): Name = "Supplier Part Number 1"; Value = "311-100HRCT-ND"; VariantName = "[No Variations]"
Add component (AddParameter): Name = "Value"; Value = "100O"; VariantName = "[No Variations]"
Added Component: Designator=R14(RES0603)
Add component (AddParameter): Name = "Manufacturer 1"; Value = "YAGEO"; VariantName = "[No Variations]"
Add component (AddParameter): Name = "Manufacturer Part Number 1"; Value = "RC0603FR-135K1L"; VariantName = "[No Variations]"
Add component (AddParameter): Name = "Mounting Type"; Value = "SMD"; VariantName = "[No Variations]"
Add component (AddParameter): Name = "Package"; Value = "0603"; VariantName = "[No Variations]"
Add component (AddParameter): Name = "Supplier 1"; Value = "Digi-Key"; VariantName = "[No Variations]"
Add component (AddParameter): Name = "Supplier Part Number 1"; Value = "13-RC0603FR-135K1LCT-ND"; VariantName = "[No Variations]"
Add component (AddParameter): Name = "Value"; Value = "5.1kO"; VariantName = "[No Variations]"
Added Component: Designator=R15(RES0603)
Add component (AddParameter): Name = "Manufacturer 1"; Value = "Yageo"; VariantName = "[No Variations]"
Add component (AddParameter): Name = "Manufacturer Part Number 1"; Value = "RC0603FR-07100RL"; VariantName = "[No Variations]"
Add component (AddParameter): Name = "Supplier 1"; Value = "Digi-Key"; VariantName = "[No Variations]"
Add component (AddParameter): Name = "Supplier Part Number 1"; Value = "311-100HRCT-ND"; VariantName = "[No Variations]"
Add component (AddParameter): Name = "Value"; Value = "100O"; VariantName = "[No Variations]"
Added Component: Designator=R16(RES2512)
Add component (AddParameter): Name = "Manufacturer 1"; Value = "Stackpole Electronics Inc"; VariantName = "[No Variations]"
Add component (AddParameter): Name = "Manufacturer Part Number 1"; Value = "RHC2512FT4R99"; VariantName = "[No Variations]"
Add component (AddParameter): Name = "Supplier 1"; Value = "Digi-Key"; VariantName = "[No Variations]"
Add component (AddParameter): Name = "Supplier Part Number 1"; Value = "RHC2512FT4R99CT-ND"; VariantName = "[No Variations]"
Add component (AddParameter): Name = "Value"; Value = "4.99O"; VariantName = "[No Variations]"
Added Component: Designator=R17(RES0603)
Add component (AddParameter): Name = "Manufacturer 1"; Value = "Stackpole Electronics Inc"; VariantName = "[No Variations]"
Add component (AddParameter): Name = "Manufacturer Part Number 1"; Value = "RNCP0603FTD1K00"; VariantName = "[No Variations]"
Add component (AddParameter): Name = "Mounting Type"; Value = "SMD"; VariantName = "[No Variations]"
Add component (AddParameter): Name = "Package"; Value = "0603"; VariantName = "[No Variations]"
Add component (AddParameter): Name = "Supplier 1"; Value = "Digi-Key"; VariantName = "[No Variations]"
Add component (AddParameter): Name = "Supplier Part Number 1"; Value = "RNCP0603FTD1K00CT-ND"; VariantName = "[No Variations]"
Add component (AddParameter): Name = "Value"; Value = "1kO"; VariantName = "[No Variations]"
Added Component: Designator=R18(RES0603)
Add component (AddParameter): Name = "Manufacturer 1"; Value = "Stackpole Electronics Inc"; VariantName = "[No Variations]"
Add component (AddParameter): Name = "Manufacturer Part Number 1"; Value = "RNCP0603FTD1K00"; VariantName = "[No Variations]"
Add component (AddParameter): Name = "Mounting Type"; Value = "SMD"; VariantName = "[No Variations]"
Add component (AddParameter): Name = "Package"; Value = "0603"; VariantName = "[No Variations]"
Add component (AddParameter): Name = "Supplier 1"; Value = "Digi-Key"; VariantName = "[No Variations]"
Add component (AddParameter): Name = "Supplier Part Number 1"; Value = "RNCP0603FTD1K00CT-ND"; VariantName = "[No Variations]"
Add component (AddParameter): Name = "Value"; Value = "1kO"; VariantName = "[No Variations]"
Added Component: Designator=R19(RES0603)
Add component (AddParameter): Name = "Manufacturer 1"; Value = "Stackpole Electronics Inc"; VariantName = "[No Variations]"
Add component (AddParameter): Name = "Manufacturer Part Number 1"; Value = "RNCP0603FTD1K00"; VariantName = "[No Variations]"
Add component (AddParameter): Name = "Mounting Type"; Value = "SMD"; VariantName = "[No Variations]"
Add component (AddParameter): Name = "Package"; Value = "0603"; VariantName = "[No Variations]"
Add component (AddParameter): Name = "Supplier 1"; Value = "Digi-Key"; VariantName = "[No Variations]"
Add component (AddParameter): Name = "Supplier Part Number 1"; Value = "RNCP0603FTD1K00CT-ND"; VariantName = "[No Variations]"
Add component (AddParameter): Name = "Value"; Value = "1kO"; VariantName = "[No Variations]"
Added Component: Designator=R20(RES0603)
Add component (AddParameter): Name = "Manufacturer 1"; Value = "Stackpole Electronics Inc"; VariantName = "[No Variations]"
Add component (AddParameter): Name = "Manufacturer Part Number 1"; Value = "RNCP0603FTD1K00"; VariantName = "[No Variations]"
Add component (AddParameter): Name = "Mounting Type"; Value = "SMD"; VariantName = "[No Variations]"
Add component (AddParameter): Name = "Package"; Value = "0603"; VariantName = "[No Variations]"
Add component (AddParameter): Name = "Supplier 1"; Value = "Digi-Key"; VariantName = "[No Variations]"
Add component (AddParameter): Name = "Supplier Part Number 1"; Value = "RNCP0603FTD1K00CT-ND"; VariantName = "[No Variations]"
Add component (AddParameter): Name = "Value"; Value = "1kO"; VariantName = "[No Variations]"
Added Component: Designator=R21(RES0603)
Add component (AddParameter): Name = "Manufacturer 1"; Value = "Stackpole Electronics Inc"; VariantName = "[No Variations]"
Add component (AddParameter): Name = "Manufacturer Part Number 1"; Value = "RNCP0603FTD1K00"; VariantName = "[No Variations]"
Add component (AddParameter): Name = "Mounting Type"; Value = "SMD"; VariantName = "[No Variations]"
Add component (AddParameter): Name = "Package"; Value = "0603"; VariantName = "[No Variations]"
Add component (AddParameter): Name = "Supplier 1"; Value = "Digi-Key"; VariantName = "[No Variations]"
Add component (AddParameter): Name = "Supplier Part Number 1"; Value = "RNCP0603FTD1K00CT-ND"; VariantName = "[No Variations]"
Add component (AddParameter): Name = "Value"; Value = "1kO"; VariantName = "[No Variations]"
Added Component: Designator=R22(RES0603)
Add component (AddParameter): Name = "Manufacturer 1"; Value = "Stackpole Electronics Inc"; VariantName = "[No Variations]"
Add component (AddParameter): Name = "Manufacturer Part Number 1"; Value = "RNCP0603FTD1K00"; VariantName = "[No Variations]"
Add component (AddParameter): Name = "Mounting Type"; Value = "SMD"; VariantName = "[No Variations]"
Add component (AddParameter): Name = "Package"; Value = "0603"; VariantName = "[No Variations]"
Add component (AddParameter): Name = "Supplier 1"; Value = "Digi-Key"; VariantName = "[No Variations]"
Add component (AddParameter): Name = "Supplier Part Number 1"; Value = "RNCP0603FTD1K00CT-ND"; VariantName = "[No Variations]"
Add component (AddParameter): Name = "Value"; Value = "1kO"; VariantName = "[No Variations]"
Added Component: Designator=R23(RES0603)
Add component (AddParameter): Name = "Manufacturer 1"; Value = "Stackpole Electronics Inc"; VariantName = "[No Variations]"
Add component (AddParameter): Name = "Manufacturer Part Number 1"; Value = "RNCP0603FTD1K00"; VariantName = "[No Variations]"
Add component (AddParameter): Name = "Mounting Type"; Value = "SMD"; VariantName = "[No Variations]"
Add component (AddParameter): Name = "Package"; Value = "0603"; VariantName = "[No Variations]"
Add component (AddParameter): Name = "Supplier 1"; Value = "Digi-Key"; VariantName = "[No Variations]"
Add component (AddParameter): Name = "Supplier Part Number 1"; Value = "RNCP0603FTD1K00CT-ND"; VariantName = "[No Variations]"
Add component (AddParameter): Name = "Value"; Value = "1kO"; VariantName = "[No Variations]"
Added Component: Designator=R24(RES0603)
Add component (AddParameter): Name = "Manufacturer 1"; Value = "Stackpole Electronics Inc"; VariantName = "[No Variations]"
Add component (AddParameter): Name = "Manufacturer Part Number 1"; Value = "RNCP0603FTD1K00"; VariantName = "[No Variations]"
Add component (AddParameter): Name = "Mounting Type"; Value = "SMD"; VariantName = "[No Variations]"
Add component (AddParameter): Name = "Package"; Value = "0603"; VariantName = "[No Variations]"
Add component (AddParameter): Name = "Supplier 1"; Value = "Digi-Key"; VariantName = "[No Variations]"
Add component (AddParameter): Name = "Supplier Part Number 1"; Value = "RNCP0603FTD1K00CT-ND"; VariantName = "[No Variations]"
Add component (AddParameter): Name = "Value"; Value = "1kO"; VariantName = "[No Variations]"
Added Component: Designator=R25(RES0603)
Add component (AddParameter): Name = "Manufacturer 1"; Value = "Stackpole Electronics Inc"; VariantName = "[No Variations]"
Add component (AddParameter): Name = "Manufacturer Part Number 1"; Value = "RNCP0603FTD1K00"; VariantName = "[No Variations]"
Add component (AddParameter): Name = "Mounting Type"; Value = "SMD"; VariantName = "[No Variations]"
Add component (AddParameter): Name = "Package"; Value = "0603"; VariantName = "[No Variations]"
Add component (AddParameter): Name = "Supplier 1"; Value = "Digi-Key"; VariantName = "[No Variations]"
Add component (AddParameter): Name = "Supplier Part Number 1"; Value = "RNCP0603FTD1K00CT-ND"; VariantName = "[No Variations]"
Add component (AddParameter): Name = "Value"; Value = "1kO"; VariantName = "[No Variations]"
Added Component: Designator=R26(RES0603)
Add component (AddParameter): Name = "Manufacturer 1"; Value = "Stackpole Electronics Inc"; VariantName = "[No Variations]"
Add component (AddParameter): Name = "Manufacturer Part Number 1"; Value = "RNCP0603FTD1K00"; VariantName = "[No Variations]"
Add component (AddParameter): Name = "Mounting Type"; Value = "SMD"; VariantName = "[No Variations]"
Add component (AddParameter): Name = "Package"; Value = "0603"; VariantName = "[No Variations]"
Add component (AddParameter): Name = "Supplier 1"; Value = "Digi-Key"; VariantName = "[No Variations]"
Add component (AddParameter): Name = "Supplier Part Number 1"; Value = "RNCP0603FTD1K00CT-ND"; VariantName = "[No Variations]"
Add component (AddParameter): Name = "Value"; Value = "1kO"; VariantName = "[No Variations]"
Added Component: Designator=R27(RES0603)
Add component (AddParameter): Name = "Manufacturer 1"; Value = "Stackpole Electronics Inc"; VariantName = "[No Variations]"
Add component (AddParameter): Name = "Manufacturer Part Number 1"; Value = "RNCP0603FTD1K00"; VariantName = "[No Variations]"
Add component (AddParameter): Name = "Mounting Type"; Value = "SMD"; VariantName = "[No Variations]"
Add component (AddParameter): Name = "Package"; Value = "0603"; VariantName = "[No Variations]"
Add component (AddParameter): Name = "Supplier 1"; Value = "Digi-Key"; VariantName = "[No Variations]"
Add component (AddParameter): Name = "Supplier Part Number 1"; Value = "RNCP0603FTD1K00CT-ND"; VariantName = "[No Variations]"
Add component (AddParameter): Name = "Value"; Value = "1kO"; VariantName = "[No Variations]"
Added Component: Designator=R28(RES0603)
Add component (AddParameter): Name = "Manufacturer 1"; Value = "Stackpole Electronics Inc"; VariantName = "[No Variations]"
Add component (AddParameter): Name = "Manufacturer Part Number 1"; Value = "RNCP0603FTD1K00"; VariantName = "[No Variations]"
Add component (AddParameter): Name = "Mounting Type"; Value = "SMD"; VariantName = "[No Variations]"
Add component (AddParameter): Name = "Package"; Value = "0603"; VariantName = "[No Variations]"
Add component (AddParameter): Name = "Supplier 1"; Value = "Digi-Key"; VariantName = "[No Variations]"
Add component (AddParameter): Name = "Supplier Part Number 1"; Value = "RNCP0603FTD1K00CT-ND"; VariantName = "[No Variations]"
Add component (AddParameter): Name = "Value"; Value = "1kO"; VariantName = "[No Variations]"
Added Component: Designator=R29(RES0603)
Add component (AddParameter): Name = "Manufacturer 1"; Value = "Stackpole Electronics Inc"; VariantName = "[No Variations]"
Add component (AddParameter): Name = "Manufacturer Part Number 1"; Value = "RNCP0603FTD1K00"; VariantName = "[No Variations]"
Add component (AddParameter): Name = "Mounting Type"; Value = "SMD"; VariantName = "[No Variations]"
Add component (AddParameter): Name = "Package"; Value = "0603"; VariantName = "[No Variations]"
Add component (AddParameter): Name = "Supplier 1"; Value = "Digi-Key"; VariantName = "[No Variations]"
Add component (AddParameter): Name = "Supplier Part Number 1"; Value = "RNCP0603FTD1K00CT-ND"; VariantName = "[No Variations]"
Add component (AddParameter): Name = "Value"; Value = "1kO"; VariantName = "[No Variations]"
Added Component: Designator=R30(RES0603)
Add component (AddParameter): Name = "Manufacturer 1"; Value = "Yageo"; VariantName = "[No Variations]"
Add component (AddParameter): Name = "Manufacturer Part Number 1"; Value = "RC0603FR-07100RL"; VariantName = "[No Variations]"
Add component (AddParameter): Name = "Supplier 1"; Value = "Digi-Key"; VariantName = "[No Variations]"
Add component (AddParameter): Name = "Supplier Part Number 1"; Value = "311-100HRCT-ND"; VariantName = "[No Variations]"
Add component (AddParameter): Name = "Value"; Value = "100O"; VariantName = "[No Variations]"
Added Component: Designator=R31(RES2512)
Add component (AddParameter): Name = "Manufacturer 1"; Value = "Stackpole Electronics Inc"; VariantName = "[No Variations]"
Add component (AddParameter): Name = "Manufacturer Part Number 1"; Value = "RHC2512FT4R99"; VariantName = "[No Variations]"
Add component (AddParameter): Name = "Supplier 1"; Value = "Digi-Key"; VariantName = "[No Variations]"
Add component (AddParameter): Name = "Supplier Part Number 1"; Value = "RHC2512FT4R99CT-ND"; VariantName = "[No Variations]"
Add component (AddParameter): Name = "Value"; Value = "4.99O"; VariantName = "[No Variations]"
Added Component: Designator=R32(RES0603)
Add component (AddParameter): Name = "Manufacturer 1"; Value = "Stackpole Electronics Inc"; VariantName = "[No Variations]"
Add component (AddParameter): Name = "Manufacturer Part Number 1"; Value = "RNCP0603FTD1K00"; VariantName = "[No Variations]"
Add component (AddParameter): Name = "Mounting Type"; Value = "SMD"; VariantName = "[No Variations]"
Add component (AddParameter): Name = "Package"; Value = "0603"; VariantName = "[No Variations]"
Add component (AddParameter): Name = "Supplier 1"; Value = "Digi-Key"; VariantName = "[No Variations]"
Add component (AddParameter): Name = "Supplier Part Number 1"; Value = "RNCP0603FTD1K00CT-ND"; VariantName = "[No Variations]"
Add component (AddParameter): Name = "Value"; Value = "1kO"; VariantName = "[No Variations]"
Added Component: Designator=R33(RES0603)
Add component (AddParameter): Name = "Manufacturer 1"; Value = "Yageo"; VariantName = "[No Variations]"
Add component (AddParameter): Name = "Manufacturer Part Number 1"; Value = "RC0603FR-07100RL"; VariantName = "[No Variations]"
Add component (AddParameter): Name = "Supplier 1"; Value = "Digi-Key"; VariantName = "[No Variations]"
Add component (AddParameter): Name = "Supplier Part Number 1"; Value = "311-100HRCT-ND"; VariantName = "[No Variations]"
Add component (AddParameter): Name = "Value"; Value = "100O"; VariantName = "[No Variations]"
Added Component: Designator=R34(RES2512)
Add component (AddParameter): Name = "Manufacturer 1"; Value = "Stackpole Electronics Inc"; VariantName = "[No Variations]"
Add component (AddParameter): Name = "Manufacturer Part Number 1"; Value = "RHC2512FT4R99"; VariantName = "[No Variations]"
Add component (AddParameter): Name = "Supplier 1"; Value = "Digi-Key"; VariantName = "[No Variations]"
Add component (AddParameter): Name = "Supplier Part Number 1"; Value = "RHC2512FT4R99CT-ND"; VariantName = "[No Variations]"
Add component (AddParameter): Name = "Value"; Value = "4.99O"; VariantName = "[No Variations]"
Added Component: Designator=R35(RES2512)
Add component (AddParameter): Name = "Manufacturer 1"; Value = "Stackpole Electronics Inc"; VariantName = "[No Variations]"
Add component (AddParameter): Name = "Manufacturer Part Number 1"; Value = "RHC2512FT4R99"; VariantName = "[No Variations]"
Add component (AddParameter): Name = "Supplier 1"; Value = "Digi-Key"; VariantName = "[No Variations]"
Add component (AddParameter): Name = "Supplier Part Number 1"; Value = "RHC2512FT4R99CT-ND"; VariantName = "[No Variations]"
Add component (AddParameter): Name = "Value"; Value = "4.99O"; VariantName = "[No Variations]"
Added Component: Designator=R36(RES2512)
Add component (AddParameter): Name = "Manufacturer 1"; Value = "Stackpole Electronics Inc"; VariantName = "[No Variations]"
Add component (AddParameter): Name = "Manufacturer Part Number 1"; Value = "RHC2512FT4R99"; VariantName = "[No Variations]"
Add component (AddParameter): Name = "Supplier 1"; Value = "Digi-Key"; VariantName = "[No Variations]"
Add component (AddParameter): Name = "Supplier Part Number 1"; Value = "RHC2512FT4R99CT-ND"; VariantName = "[No Variations]"
Add component (AddParameter): Name = "Value"; Value = "4.99O"; VariantName = "[No Variations]"
Added Component: Designator=R37(RES2512)
Add component (AddParameter): Name = "Manufacturer 1"; Value = "Stackpole Electronics Inc"; VariantName = "[No Variations]"
Add component (AddParameter): Name = "Manufacturer Part Number 1"; Value = "RHC2512FT4R99"; VariantName = "[No Variations]"
Add component (AddParameter): Name = "Supplier 1"; Value = "Digi-Key"; VariantName = "[No Variations]"
Add component (AddParameter): Name = "Supplier Part Number 1"; Value = "RHC2512FT4R99CT-ND"; VariantName = "[No Variations]"
Add component (AddParameter): Name = "Value"; Value = "4.99O"; VariantName = "[No Variations]"
Added Component: Designator=R38(RES2512)
Add component (AddParameter): Name = "Manufacturer 1"; Value = "Stackpole Electronics Inc"; VariantName = "[No Variations]"
Add component (AddParameter): Name = "Manufacturer Part Number 1"; Value = "RHC2512FT4R99"; VariantName = "[No Variations]"
Add component (AddParameter): Name = "Supplier 1"; Value = "Digi-Key"; VariantName = "[No Variations]"
Add component (AddParameter): Name = "Supplier Part Number 1"; Value = "RHC2512FT4R99CT-ND"; VariantName = "[No Variations]"
Add component (AddParameter): Name = "Value"; Value = "4.99O"; VariantName = "[No Variations]"
Added Component: Designator=R39(RES2512)
Add component (AddParameter): Name = "Manufacturer 1"; Value = "Stackpole Electronics Inc"; VariantName = "[No Variations]"
Add component (AddParameter): Name = "Manufacturer Part Number 1"; Value = "RHC2512FT4R99"; VariantName = "[No Variations]"
Add component (AddParameter): Name = "Supplier 1"; Value = "Digi-Key"; VariantName = "[No Variations]"
Add component (AddParameter): Name = "Supplier Part Number 1"; Value = "RHC2512FT4R99CT-ND"; VariantName = "[No Variations]"
Add component (AddParameter): Name = "Value"; Value = "4.99O"; VariantName = "[No Variations]"
Added Component: Designator=R40(RES2512)
Add component (AddParameter): Name = "Manufacturer 1"; Value = "Stackpole Electronics Inc"; VariantName = "[No Variations]"
Add component (AddParameter): Name = "Manufacturer Part Number 1"; Value = "RHC2512FT4R99"; VariantName = "[No Variations]"
Add component (AddParameter): Name = "Supplier 1"; Value = "Digi-Key"; VariantName = "[No Variations]"
Add component (AddParameter): Name = "Supplier Part Number 1"; Value = "RHC2512FT4R99CT-ND"; VariantName = "[No Variations]"
Add component (AddParameter): Name = "Value"; Value = "4.99O"; VariantName = "[No Variations]"
Added Component: Designator=R41(RES2512)
Add component (AddParameter): Name = "Manufacturer 1"; Value = "Stackpole Electronics Inc"; VariantName = "[No Variations]"
Add component (AddParameter): Name = "Manufacturer Part Number 1"; Value = "RHC2512FT4R99"; VariantName = "[No Variations]"
Add component (AddParameter): Name = "Supplier 1"; Value = "Digi-Key"; VariantName = "[No Variations]"
Add component (AddParameter): Name = "Supplier Part Number 1"; Value = "RHC2512FT4R99CT-ND"; VariantName = "[No Variations]"
Add component (AddParameter): Name = "Value"; Value = "4.99O"; VariantName = "[No Variations]"
Added Component: Designator=R42(RES2512)
Add component (AddParameter): Name = "Manufacturer 1"; Value = "Stackpole Electronics Inc"; VariantName = "[No Variations]"
Add component (AddParameter): Name = "Manufacturer Part Number 1"; Value = "RHC2512FT4R99"; VariantName = "[No Variations]"
Add component (AddParameter): Name = "Supplier 1"; Value = "Digi-Key"; VariantName = "[No Variations]"
Add component (AddParameter): Name = "Supplier Part Number 1"; Value = "RHC2512FT4R99CT-ND"; VariantName = "[No Variations]"
Add component (AddParameter): Name = "Value"; Value = "4.99O"; VariantName = "[No Variations]"
Added Component: Designator=R43(RES2512)
Add component (AddParameter): Name = "Manufacturer 1"; Value = "Stackpole Electronics Inc"; VariantName = "[No Variations]"
Add component (AddParameter): Name = "Manufacturer Part Number 1"; Value = "RHC2512FT4R99"; VariantName = "[No Variations]"
Add component (AddParameter): Name = "Supplier 1"; Value = "Digi-Key"; VariantName = "[No Variations]"
Add component (AddParameter): Name = "Supplier Part Number 1"; Value = "RHC2512FT4R99CT-ND"; VariantName = "[No Variations]"
Add component (AddParameter): Name = "Value"; Value = "4.99O"; VariantName = "[No Variations]"
Added Component: Designator=R44(RES2512)
Add component (AddParameter): Name = "Manufacturer 1"; Value = "Stackpole Electronics Inc"; VariantName = "[No Variations]"
Add component (AddParameter): Name = "Manufacturer Part Number 1"; Value = "RHC2512FT4R99"; VariantName = "[No Variations]"
Add component (AddParameter): Name = "Supplier 1"; Value = "Digi-Key"; VariantName = "[No Variations]"
Add component (AddParameter): Name = "Supplier Part Number 1"; Value = "RHC2512FT4R99CT-ND"; VariantName = "[No Variations]"
Add component (AddParameter): Name = "Value"; Value = "4.99O"; VariantName = "[No Variations]"
Added Component: Designator=R45(RES2512)
Add component (AddParameter): Name = "Manufacturer 1"; Value = "Stackpole Electronics Inc"; VariantName = "[No Variations]"
Add component (AddParameter): Name = "Manufacturer Part Number 1"; Value = "RHC2512FT4R99"; VariantName = "[No Variations]"
Add component (AddParameter): Name = "Supplier 1"; Value = "Digi-Key"; VariantName = "[No Variations]"
Add component (AddParameter): Name = "Supplier Part Number 1"; Value = "RHC2512FT4R99CT-ND"; VariantName = "[No Variations]"
Add component (AddParameter): Name = "Value"; Value = "4.99O"; VariantName = "[No Variations]"
Added Component: Designator=R46(RES0603)
Add component (AddParameter): Name = "Manufacturer 1"; Value = "YAGEO"; VariantName = "[No Variations]"
Add component (AddParameter): Name = "Manufacturer Part Number 1"; Value = "RC0603FR-0717K8L"; VariantName = "[No Variations]"
Add component (AddParameter): Name = "Supplier 1"; Value = "Digi-Key"; VariantName = "[No Variations]"
Add component (AddParameter): Name = "Supplier Part Number 1"; Value = "311-17.8KHRCT-ND"; VariantName = "[No Variations]"
Add component (AddParameter): Name = "Value"; Value = "17.8kO"; VariantName = "[No Variations]"
Added Component: Designator=R47(RES0603)
Add component (AddParameter): Name = "Manufacturer 1"; Value = "YAGEO"; VariantName = "[No Variations]"
Add component (AddParameter): Name = "Manufacturer Part Number 1"; Value = "RC0603FR-0717K8L"; VariantName = "[No Variations]"
Add component (AddParameter): Name = "Supplier 1"; Value = "Digi-Key"; VariantName = "[No Variations]"
Add component (AddParameter): Name = "Supplier Part Number 1"; Value = "311-17.8KHRCT-ND"; VariantName = "[No Variations]"
Add component (AddParameter): Name = "Value"; Value = "17.8kO"; VariantName = "[No Variations]"
Added Component: Designator=R48(RES2512)
Add component (AddParameter): Name = "Manufacturer 1"; Value = "Stackpole Electronics Inc"; VariantName = "[No Variations]"
Add component (AddParameter): Name = "Manufacturer Part Number 1"; Value = "RHC2512FT4R99"; VariantName = "[No Variations]"
Add component (AddParameter): Name = "Supplier 1"; Value = "Digi-Key"; VariantName = "[No Variations]"
Add component (AddParameter): Name = "Supplier Part Number 1"; Value = "RHC2512FT4R99CT-ND"; VariantName = "[No Variations]"
Add component (AddParameter): Name = "Value"; Value = "4.99O"; VariantName = "[No Variations]"
Added Component: Designator=R49(RES0603)
Add component (AddParameter): Name = "Manufacturer 1"; Value = "Stackpole Electronics Inc"; VariantName = "[No Variations]"
Add component (AddParameter): Name = "Manufacturer Part Number 1"; Value = "RNCP0603FTD1K00"; VariantName = "[No Variations]"
Add component (AddParameter): Name = "Mounting Type"; Value = "SMD"; VariantName = "[No Variations]"
Add component (AddParameter): Name = "Package"; Value = "0603"; VariantName = "[No Variations]"
Add component (AddParameter): Name = "Supplier 1"; Value = "Digi-Key"; VariantName = "[No Variations]"
Add component (AddParameter): Name = "Supplier Part Number 1"; Value = "RNCP0603FTD1K00CT-ND"; VariantName = "[No Variations]"
Add component (AddParameter): Name = "Value"; Value = "1kO"; VariantName = "[No Variations]"
Added Component: Designator=R50(RES0603)
Add component (AddParameter): Name = "Manufacturer 1"; Value = "Stackpole Electronics Inc"; VariantName = "[No Variations]"
Add component (AddParameter): Name = "Manufacturer Part Number 1"; Value = "RNCP0603FTD10K0"; VariantName = "[No Variations]"
Add component (AddParameter): Name = "Mounting Type"; Value = "SMD"; VariantName = "[No Variations]"
Add component (AddParameter): Name = "Package"; Value = "0603"; VariantName = "[No Variations]"
Add component (AddParameter): Name = "Supplier 1"; Value = "Digi-Key"; VariantName = "[No Variations]"
Add component (AddParameter): Name = "Supplier Part Number 1"; Value = "RNCP0603FTD10K0CT-ND"; VariantName = "[No Variations]"
Add component (AddParameter): Name = "Value"; Value = "10kO"; VariantName = "[No Variations]"
Added Component: Designator=R51(RES0603)
Add component (AddParameter): Name = "Manufacturer 1"; Value = "Yageo"; VariantName = "[No Variations]"
Add component (AddParameter): Name = "Manufacturer Part Number 1"; Value = "RC0603JR-070RL"; VariantName = "[No Variations]"
Add component (AddParameter): Name = "Mounting Type"; Value = "SMD"; VariantName = "[No Variations]"
Add component (AddParameter): Name = "Package"; Value = "0603"; VariantName = "[No Variations]"
Add component (AddParameter): Name = "Supplier 1"; Value = "Digi-Key"; VariantName = "[No Variations]"
Add component (AddParameter): Name = "Supplier Part Number 1"; Value = "311-0.0GRCT-ND"; VariantName = "[No Variations]"
Add component (AddParameter): Name = "Value"; Value = "0O"; VariantName = "[No Variations]"
Added Component: Designator=R52(RES0603)
Add component (AddParameter): Name = "Manufacturer 1"; Value = "Yageo"; VariantName = "[No Variations]"
Add component (AddParameter): Name = "Manufacturer Part Number 1"; Value = "RC0603FR-07604RL"; VariantName = "[No Variations]"
Add component (AddParameter): Name = "Supplier 1"; Value = "Digi-Key"; VariantName = "[No Variations]"
Add component (AddParameter): Name = "Supplier Part Number 1"; Value = "311-604HRCT-ND"; VariantName = "[No Variations]"
Add component (AddParameter): Name = "Value"; Value = "604O"; VariantName = "[No Variations]"
Added Component: Designator=R53(RES0603)
Add component (AddParameter): Name = "Manufacturer 1"; Value = "YAGEO"; VariantName = "[No Variations]"
Add component (AddParameter): Name = "Manufacturer Part Number 1"; Value = "RL0603FR-070R3L"; VariantName = "[No Variations]"
Add component (AddParameter): Name = "Package"; Value = "0603"; VariantName = "[No Variations]"
Add component (AddParameter): Name = "Supplier 1"; Value = "Digi-Key"; VariantName = "[No Variations]"
Add component (AddParameter): Name = "Supplier Part Number 1"; Value = "13-RL0603FR-070R3LCT-ND"; VariantName = "[No Variations]"
Add component (AddParameter): Name = "Tolerance"; Value = "1%"; VariantName = "[No Variations]"
Add component (AddParameter): Name = "Value"; Value = "300O"; VariantName = "[No Variations]"
Added Component: Designator=R54(RES0603)
Add component (AddParameter): Name = "Manufacturer 1"; Value = "YAGEO"; VariantName = "[No Variations]"
Add component (AddParameter): Name = "Manufacturer Part Number 1"; Value = "RC0603FR-0710ML"; VariantName = "[No Variations]"
Add component (AddParameter): Name = "Supplier 1"; Value = "Digi-Key"; VariantName = "[No Variations]"
Add component (AddParameter): Name = "Supplier Part Number 1"; Value = "311-10.0MHRCT-ND"; VariantName = "[No Variations]"
Add component (AddParameter): Name = "Value"; Value = "10MO"; VariantName = "[No Variations]"
Added Component: Designator=R55(RES0603)
Add component (AddParameter): Name = "Manufacturer 1"; Value = "YAGEO"; VariantName = "[No Variations]"
Add component (AddParameter): Name = "Manufacturer Part Number 1"; Value = "RC0603FR-0710ML"; VariantName = "[No Variations]"
Add component (AddParameter): Name = "Supplier 1"; Value = "Digi-Key"; VariantName = "[No Variations]"
Add component (AddParameter): Name = "Supplier Part Number 1"; Value = "311-10.0MHRCT-ND"; VariantName = "[No Variations]"
Add component (AddParameter): Name = "Value"; Value = "10MO"; VariantName = "[No Variations]"
Added Component: Designator=R56(RES0603)
Add component (AddParameter): Name = "Manufacturer 1"; Value = "YAGEO"; VariantName = "[No Variations]"
Add component (AddParameter): Name = "Manufacturer Part Number 1"; Value = "RC0603FR-0710ML"; VariantName = "[No Variations]"
Add component (AddParameter): Name = "Supplier 1"; Value = "Digi-Key"; VariantName = "[No Variations]"
Add component (AddParameter): Name = "Supplier Part Number 1"; Value = "311-10.0MHRCT-ND"; VariantName = "[No Variations]"
Add component (AddParameter): Name = "Value"; Value = "10MO"; VariantName = "[No Variations]"
Added Component: Designator=R57(RES0603)
Add component (AddParameter): Name = "Manufacturer 1"; Value = "Vishay"; VariantName = "[No Variations]"
Add component (AddParameter): Name = "Manufacturer Part Number 1"; Value = "CRCW060333R0FKEA"; VariantName = "[No Variations]"
Add component (AddParameter): Name = "Mounting Type"; Value = "SMD"; VariantName = "[No Variations]"
Add component (AddParameter): Name = "Package"; Value = "0603"; VariantName = "[No Variations]"
Add component (AddParameter): Name = "Supplier 1"; Value = "Digi-Key"; VariantName = "[No Variations]"
Add component (AddParameter): Name = "Supplier Part Number 1"; Value = "541-33.0HCT-ND"; VariantName = "[No Variations]"
Add component (AddParameter): Name = "Value"; Value = "33O"; VariantName = "[No Variations]"
Added Component: Designator=R58(RES0603)
Add component (AddParameter): Name = "Manufacturer 1"; Value = "Yageo"; VariantName = "[No Variations]"
Add component (AddParameter): Name = "Manufacturer Part Number 1"; Value = "RC0603FR-07100RL"; VariantName = "[No Variations]"
Add component (AddParameter): Name = "Supplier 1"; Value = "Digi-Key"; VariantName = "[No Variations]"
Add component (AddParameter): Name = "Supplier Part Number 1"; Value = "311-100HRCT-ND"; VariantName = "[No Variations]"
Add component (AddParameter): Name = "Value"; Value = "100O"; VariantName = "[No Variations]"
Added Component: Designator=R59(RES0603)
Add component (AddParameter): Name = "Manufacturer 1"; Value = "Stackpole Electronics Inc"; VariantName = "[No Variations]"
Add component (AddParameter): Name = "Manufacturer Part Number 1"; Value = "RNCP0603FTD10K0"; VariantName = "[No Variations]"
Add component (AddParameter): Name = "Mounting Type"; Value = "SMD"; VariantName = "[No Variations]"
Add component (AddParameter): Name = "Package"; Value = "0603"; VariantName = "[No Variations]"
Add component (AddParameter): Name = "Supplier 1"; Value = "Digi-Key"; VariantName = "[No Variations]"
Add component (AddParameter): Name = "Supplier Part Number 1"; Value = "RNCP0603FTD10K0CT-ND"; VariantName = "[No Variations]"
Add component (AddParameter): Name = "Value"; Value = "10kO"; VariantName = "[No Variations]"
Added Component: Designator=R60(RES0603)
Add component (AddParameter): Name = "Manufacturer 1"; Value = "Yageo"; VariantName = "[No Variations]"
Add component (AddParameter): Name = "Manufacturer Part Number 1"; Value = "RC0603FR-07100RL"; VariantName = "[No Variations]"
Add component (AddParameter): Name = "Supplier 1"; Value = "Digi-Key"; VariantName = "[No Variations]"
Add component (AddParameter): Name = "Supplier Part Number 1"; Value = "311-100HRCT-ND"; VariantName = "[No Variations]"
Add component (AddParameter): Name = "Value"; Value = "100O"; VariantName = "[No Variations]"
Added Component: Designator=R61(RES0603)
Add component (AddParameter): Name = "Manufacturer 1"; Value = "Yageo"; VariantName = "[No Variations]"
Add component (AddParameter): Name = "Manufacturer Part Number 1"; Value = "RC0603FR-07100RL"; VariantName = "[No Variations]"
Add component (AddParameter): Name = "Supplier 1"; Value = "Digi-Key"; VariantName = "[No Variations]"
Add component (AddParameter): Name = "Supplier Part Number 1"; Value = "311-100HRCT-ND"; VariantName = "[No Variations]"
Add component (AddParameter): Name = "Value"; Value = "100O"; VariantName = "[No Variations]"
Added Component: Designator=R62(RES0603)
Add component (AddParameter): Name = "Manufacturer 1"; Value = "Yageo"; VariantName = "[No Variations]"
Add component (AddParameter): Name = "Manufacturer Part Number 1"; Value = "RC0603FR-07100RL"; VariantName = "[No Variations]"
Add component (AddParameter): Name = "Supplier 1"; Value = "Digi-Key"; VariantName = "[No Variations]"
Add component (AddParameter): Name = "Supplier Part Number 1"; Value = "311-100HRCT-ND"; VariantName = "[No Variations]"
Add component (AddParameter): Name = "Value"; Value = "100O"; VariantName = "[No Variations]"
Added Component: Designator=R63(RESC6532X75N)
Add component (AddParameter): Name = "Manufacturer 1"; Value = "Riedon"; VariantName = "[No Variations]"
Add component (AddParameter): Name = "Manufacturer Part Number 1"; Value = "CSRL3-0R001F8"; VariantName = "[No Variations]"
Add component (AddParameter): Name = "Mounting Type"; Value = "SMD"; VariantName = "[No Variations]"
Add component (AddParameter): Name = "Package"; Value = "2512"; VariantName = "[No Variations]"
Add component (AddParameter): Name = "Supplier 1"; Value = "Digi-Key"; VariantName = "[No Variations]"
Add component (AddParameter): Name = "Supplier Part Number 1"; Value = "696-1834-1-ND"; VariantName = "[No Variations]"
Add component (AddParameter): Name = "Value"; Value = "1mO"; VariantName = "[No Variations]"
Added Component: Designator=R64(RES0603)
Add component (AddParameter): Name = "Manufacturer 1"; Value = "Vishay"; VariantName = "[No Variations]"
Add component (AddParameter): Name = "Manufacturer Part Number 1"; Value = "CRCW060333R0FKEA"; VariantName = "[No Variations]"
Add component (AddParameter): Name = "Mounting Type"; Value = "SMD"; VariantName = "[No Variations]"
Add component (AddParameter): Name = "Package"; Value = "0603"; VariantName = "[No Variations]"
Add component (AddParameter): Name = "Supplier 1"; Value = "Digi-Key"; VariantName = "[No Variations]"
Add component (AddParameter): Name = "Supplier Part Number 1"; Value = "541-33.0HCT-ND"; VariantName = "[No Variations]"
Add component (AddParameter): Name = "Value"; Value = "33O"; VariantName = "[No Variations]"
Added Component: Designator=R65(RES0603)
Add component (AddParameter): Name = "Manufacturer 1"; Value = "Vishay"; VariantName = "[No Variations]"
Add component (AddParameter): Name = "Manufacturer Part Number 1"; Value = "CRCW060333R0FKEA"; VariantName = "[No Variations]"
Add component (AddParameter): Name = "Mounting Type"; Value = "SMD"; VariantName = "[No Variations]"
Add component (AddParameter): Name = "Package"; Value = "0603"; VariantName = "[No Variations]"
Add component (AddParameter): Name = "Supplier 1"; Value = "Digi-Key"; VariantName = "[No Variations]"
Add component (AddParameter): Name = "Supplier Part Number 1"; Value = "541-33.0HCT-ND"; VariantName = "[No Variations]"
Add component (AddParameter): Name = "Value"; Value = "33O"; VariantName = "[No Variations]"
Added Component: Designator=R66(RES0603)
Add component (AddParameter): Name = "Manufacturer 1"; Value = "YAGEO"; VariantName = "[No Variations]"
Add component (AddParameter): Name = "Manufacturer Part Number 1"; Value = "RC0603FR-0717K8L"; VariantName = "[No Variations]"
Add component (AddParameter): Name = "Supplier 1"; Value = "Digi-Key"; VariantName = "[No Variations]"
Add component (AddParameter): Name = "Supplier Part Number 1"; Value = "311-17.8KHRCT-ND"; VariantName = "[No Variations]"
Add component (AddParameter): Name = "Value"; Value = "17.8kO"; VariantName = "[No Variations]"
Added Component: Designator=R67(RES0603)
Add component (AddParameter): Name = "Manufacturer 1"; Value = "Stackpole Electronics Inc"; VariantName = "[No Variations]"
Add component (AddParameter): Name = "Manufacturer Part Number 1"; Value = "RNCP0603FTD1K00"; VariantName = "[No Variations]"
Add component (AddParameter): Name = "Mounting Type"; Value = "SMD"; VariantName = "[No Variations]"
Add component (AddParameter): Name = "Package"; Value = "0603"; VariantName = "[No Variations]"
Add component (AddParameter): Name = "Supplier 1"; Value = "Digi-Key"; VariantName = "[No Variations]"
Add component (AddParameter): Name = "Supplier Part Number 1"; Value = "RNCP0603FTD1K00CT-ND"; VariantName = "[No Variations]"
Add component (AddParameter): Name = "Value"; Value = "1kO"; VariantName = "[No Variations]"
Added Component: Designator=R68(RES0603)
Add component (AddParameter): Name = "Manufacturer 1"; Value = "YAGEO"; VariantName = "[No Variations]"
Add component (AddParameter): Name = "Manufacturer Part Number 1"; Value = "RC0603FR-135K1L"; VariantName = "[No Variations]"
Add component (AddParameter): Name = "Mounting Type"; Value = "SMD"; VariantName = "[No Variations]"
Add component (AddParameter): Name = "Package"; Value = "0603"; VariantName = "[No Variations]"
Add component (AddParameter): Name = "Supplier 1"; Value = "Digi-Key"; VariantName = "[No Variations]"
Add component (AddParameter): Name = "Supplier Part Number 1"; Value = "13-RC0603FR-135K1LCT-ND"; VariantName = "[No Variations]"
Add component (AddParameter): Name = "Value"; Value = "5.1kO"; VariantName = "[No Variations]"
Added Component: Designator=R69(RES0603)
Add component (AddParameter): Name = "Manufacturer 1"; Value = "Yageo"; VariantName = "[No Variations]"
Add component (AddParameter): Name = "Manufacturer Part Number 1"; Value = "RC0603FR-07100RL"; VariantName = "[No Variations]"
Add component (AddParameter): Name = "Supplier 1"; Value = "Digi-Key"; VariantName = "[No Variations]"
Add component (AddParameter): Name = "Supplier Part Number 1"; Value = "311-100HRCT-ND"; VariantName = "[No Variations]"
Add component (AddParameter): Name = "Value"; Value = "100O"; VariantName = "[No Variations]"
Added Component: Designator=R70(RES0603)
Add component (AddParameter): Name = "Manufacturer 1"; Value = "Stackpole Electronics Inc"; VariantName = "[No Variations]"
Add component (AddParameter): Name = "Manufacturer Part Number 1"; Value = "RNCP0603FTD10K0"; VariantName = "[No Variations]"
Add component (AddParameter): Name = "Mounting Type"; Value = "SMD"; VariantName = "[No Variations]"
Add component (AddParameter): Name = "Package"; Value = "0603"; VariantName = "[No Variations]"
Add component (AddParameter): Name = "Supplier 1"; Value = "Digi-Key"; VariantName = "[No Variations]"
Add component (AddParameter): Name = "Supplier Part Number 1"; Value = "RNCP0603FTD10K0CT-ND"; VariantName = "[No Variations]"
Add component (AddParameter): Name = "Value"; Value = "10kO"; VariantName = "[No Variations]"
Added Component: Designator=R71(RES2512)
Add component (AddParameter): Name = "Manufacturer 1"; Value = "TE Connectivity Passive Product"; VariantName = "[No Variations]"
Add component (AddParameter): Name = "Manufacturer Part Number 1"; Value = "35221K0FT"; VariantName = "[No Variations]"
Add component (AddParameter): Name = "Mounting Type"; Value = "SMD"; VariantName = "[No Variations]"
Add component (AddParameter): Name = "Package"; Value = "2512"; VariantName = "[No Variations]"
Add component (AddParameter): Name = "Supplier 1"; Value = "Digi-Key"; VariantName = "[No Variations]"
Add component (AddParameter): Name = "Supplier Part Number 1"; Value = "A121161CT-ND"; VariantName = "[No Variations]"
Add component (AddParameter): Name = "Value"; Value = "1kO"; VariantName = "[No Variations]"
Added Component: Designator=R72(RES2512)
Add component (AddParameter): Name = "Manufacturer 1"; Value = "TE Connectivity Passive Product"; VariantName = "[No Variations]"
Add component (AddParameter): Name = "Manufacturer Part Number 1"; Value = "35221K0FT"; VariantName = "[No Variations]"
Add component (AddParameter): Name = "Mounting Type"; Value = "SMD"; VariantName = "[No Variations]"
Add component (AddParameter): Name = "Package"; Value = "2512"; VariantName = "[No Variations]"
Add component (AddParameter): Name = "Supplier 1"; Value = "Digi-Key"; VariantName = "[No Variations]"
Add component (AddParameter): Name = "Supplier Part Number 1"; Value = "A121161CT-ND"; VariantName = "[No Variations]"
Add component (AddParameter): Name = "Value"; Value = "1kO"; VariantName = "[No Variations]"
Added Component: Designator=R73(RES2512)
Add component (AddParameter): Name = "Manufacturer 1"; Value = "TE Connectivity Passive Product"; VariantName = "[No Variations]"
Add component (AddParameter): Name = "Manufacturer Part Number 1"; Value = "35221K0FT"; VariantName = "[No Variations]"
Add component (AddParameter): Name = "Mounting Type"; Value = "SMD"; VariantName = "[No Variations]"
Add component (AddParameter): Name = "Package"; Value = "2512"; VariantName = "[No Variations]"
Add component (AddParameter): Name = "Supplier 1"; Value = "Digi-Key"; VariantName = "[No Variations]"
Add component (AddParameter): Name = "Supplier Part Number 1"; Value = "A121161CT-ND"; VariantName = "[No Variations]"
Add component (AddParameter): Name = "Value"; Value = "1kO"; VariantName = "[No Variations]"
Added Component: Designator=R74(RES2512)
Add component (AddParameter): Name = "Manufacturer 1"; Value = "TE Connectivity Passive Product"; VariantName = "[No Variations]"
Add component (AddParameter): Name = "Manufacturer Part Number 1"; Value = "35221K0FT"; VariantName = "[No Variations]"
Add component (AddParameter): Name = "Mounting Type"; Value = "SMD"; VariantName = "[No Variations]"
Add component (AddParameter): Name = "Package"; Value = "2512"; VariantName = "[No Variations]"
Add component (AddParameter): Name = "Supplier 1"; Value = "Digi-Key"; VariantName = "[No Variations]"
Add component (AddParameter): Name = "Supplier Part Number 1"; Value = "A121161CT-ND"; VariantName = "[No Variations]"
Add component (AddParameter): Name = "Value"; Value = "1kO"; VariantName = "[No Variations]"
Added Component: Designator=R75(RES0603)
Add component (AddParameter): Name = "Manufacturer 1"; Value = "YAGEO"; VariantName = "[No Variations]"
Add component (AddParameter): Name = "Manufacturer Part Number 1"; Value = "RC0603FR-0710ML"; VariantName = "[No Variations]"
Add component (AddParameter): Name = "Supplier 1"; Value = "Digi-Key"; VariantName = "[No Variations]"
Add component (AddParameter): Name = "Supplier Part Number 1"; Value = "311-10.0MHRCT-ND"; VariantName = "[No Variations]"
Add component (AddParameter): Name = "Value"; Value = "10MO"; VariantName = "[No Variations]"
Added Component: Designator=R76(RES0603)
Add component (AddParameter): Name = "Manufacturer 1"; Value = "Stackpole Electronics Inc"; VariantName = "[No Variations]"
Add component (AddParameter): Name = "Manufacturer Part Number 1"; Value = "RNCP0603FTD10K0"; VariantName = "[No Variations]"
Add component (AddParameter): Name = "Mounting Type"; Value = "SMD"; VariantName = "[No Variations]"
Add component (AddParameter): Name = "Package"; Value = "0603"; VariantName = "[No Variations]"
Add component (AddParameter): Name = "Supplier 1"; Value = "Digi-Key"; VariantName = "[No Variations]"
Add component (AddParameter): Name = "Supplier Part Number 1"; Value = "RNCP0603FTD10K0CT-ND"; VariantName = "[No Variations]"
Add component (AddParameter): Name = "Value"; Value = "10kO"; VariantName = "[No Variations]"
Added Component: Designator=R77(RES0603)
Add component (AddParameter): Name = "Manufacturer 1"; Value = "Stackpole Electronics Inc"; VariantName = "[No Variations]"
Add component (AddParameter): Name = "Manufacturer Part Number 1"; Value = "RNCP0603FTD10K0"; VariantName = "[No Variations]"
Add component (AddParameter): Name = "Mounting Type"; Value = "SMD"; VariantName = "[No Variations]"
Add component (AddParameter): Name = "Package"; Value = "0603"; VariantName = "[No Variations]"
Add component (AddParameter): Name = "Supplier 1"; Value = "Digi-Key"; VariantName = "[No Variations]"
Add component (AddParameter): Name = "Supplier Part Number 1"; Value = "RNCP0603FTD10K0CT-ND"; VariantName = "[No Variations]"
Add component (AddParameter): Name = "Value"; Value = "10kO"; VariantName = "[No Variations]"
Added Component: Designator=R78(RES0603)
Add component (AddParameter): Name = "Manufacturer 1"; Value = "Stackpole Electronics Inc"; VariantName = "[No Variations]"
Add component (AddParameter): Name = "Manufacturer Part Number 1"; Value = "RNCP0603FTD10K0"; VariantName = "[No Variations]"
Add component (AddParameter): Name = "Mounting Type"; Value = "SMD"; VariantName = "[No Variations]"
Add component (AddParameter): Name = "Package"; Value = "0603"; VariantName = "[No Variations]"
Add component (AddParameter): Name = "Supplier 1"; Value = "Digi-Key"; VariantName = "[No Variations]"
Add component (AddParameter): Name = "Supplier Part Number 1"; Value = "RNCP0603FTD10K0CT-ND"; VariantName = "[No Variations]"
Add component (AddParameter): Name = "Value"; Value = "10kO"; VariantName = "[No Variations]"
Added Component: Designator=R79(RES0603)
Add component (AddParameter): Name = "Manufacturer 1"; Value = "Stackpole Electronics Inc"; VariantName = "[No Variations]"
Add component (AddParameter): Name = "Manufacturer Part Number 1"; Value = "RNCP0603FTD10K0"; VariantName = "[No Variations]"
Add component (AddParameter): Name = "Mounting Type"; Value = "SMD"; VariantName = "[No Variations]"
Add component (AddParameter): Name = "Package"; Value = "0603"; VariantName = "[No Variations]"
Add component (AddParameter): Name = "Supplier 1"; Value = "Digi-Key"; VariantName = "[No Variations]"
Add component (AddParameter): Name = "Supplier Part Number 1"; Value = "RNCP0603FTD10K0CT-ND"; VariantName = "[No Variations]"
Add component (AddParameter): Name = "Value"; Value = "10kO"; VariantName = "[No Variations]"
Added Component: Designator=R80(RES0603)
Add component (AddParameter): Name = "Manufacturer 1"; Value = "Stackpole Electronics Inc"; VariantName = "[No Variations]"
Add component (AddParameter): Name = "Manufacturer Part Number 1"; Value = "RNCP0603FTD10K0"; VariantName = "[No Variations]"
Add component (AddParameter): Name = "Mounting Type"; Value = "SMD"; VariantName = "[No Variations]"
Add component (AddParameter): Name = "Package"; Value = "0603"; VariantName = "[No Variations]"
Add component (AddParameter): Name = "Supplier 1"; Value = "Digi-Key"; VariantName = "[No Variations]"
Add component (AddParameter): Name = "Supplier Part Number 1"; Value = "RNCP0603FTD10K0CT-ND"; VariantName = "[No Variations]"
Add component (AddParameter): Name = "Value"; Value = "10kO"; VariantName = "[No Variations]"
Added Component: Designator=R81(RES0603)
Add component (AddParameter): Name = "Manufacturer 1"; Value = "YAGEO"; VariantName = "[No Variations]"
Add component (AddParameter): Name = "Manufacturer Part Number 1"; Value = "RC0603FR-0717K8L"; VariantName = "[No Variations]"
Add component (AddParameter): Name = "Supplier 1"; Value = "Digi-Key"; VariantName = "[No Variations]"
Add component (AddParameter): Name = "Supplier Part Number 1"; Value = "311-17.8KHRCT-ND"; VariantName = "[No Variations]"
Add component (AddParameter): Name = "Value"; Value = "17.8kO"; VariantName = "[No Variations]"
Added Component: Designator=R82(RES0603)
Add component (AddParameter): Name = "Manufacturer 1"; Value = "YAGEO"; VariantName = "[No Variations]"
Add component (AddParameter): Name = "Manufacturer Part Number 1"; Value = "RC0603FR-0717K8L"; VariantName = "[No Variations]"
Add component (AddParameter): Name = "Supplier 1"; Value = "Digi-Key"; VariantName = "[No Variations]"
Add component (AddParameter): Name = "Supplier Part Number 1"; Value = "311-17.8KHRCT-ND"; VariantName = "[No Variations]"
Add component (AddParameter): Name = "Value"; Value = "17.8kO"; VariantName = "[No Variations]"
Added Component: Designator=R83(RES0603)
Add component (AddParameter): Name = "Manufacturer 1"; Value = "YAGEO"; VariantName = "[No Variations]"
Add component (AddParameter): Name = "Manufacturer Part Number 1"; Value = "RC0603FR-0717K8L"; VariantName = "[No Variations]"
Add component (AddParameter): Name = "Supplier 1"; Value = "Digi-Key"; VariantName = "[No Variations]"
Add component (AddParameter): Name = "Supplier Part Number 1"; Value = "311-17.8KHRCT-ND"; VariantName = "[No Variations]"
Add component (AddParameter): Name = "Value"; Value = "17.8kO"; VariantName = "[No Variations]"
Added Component: Designator=R84(RES0603)
Add component (AddParameter): Name = "Manufacturer 1"; Value = "YAGEO"; VariantName = "[No Variations]"
Add component (AddParameter): Name = "Manufacturer Part Number 1"; Value = "RC0603FR-0717K8L"; VariantName = "[No Variations]"
Add component (AddParameter): Name = "Supplier 1"; Value = "Digi-Key"; VariantName = "[No Variations]"
Add component (AddParameter): Name = "Supplier Part Number 1"; Value = "311-17.8KHRCT-ND"; VariantName = "[No Variations]"
Add component (AddParameter): Name = "Value"; Value = "17.8kO"; VariantName = "[No Variations]"
Added Component: Designator=R85(RES0603)
Add component (AddParameter): Name = "Manufacturer 1"; Value = "Vishay"; VariantName = "[No Variations]"
Add component (AddParameter): Name = "Manufacturer Part Number 1"; Value = "CRCW060333R0FKEA"; VariantName = "[No Variations]"
Add component (AddParameter): Name = "Mounting Type"; Value = "SMD"; VariantName = "[No Variations]"
Add component (AddParameter): Name = "Package"; Value = "0603"; VariantName = "[No Variations]"
Add component (AddParameter): Name = "Supplier 1"; Value = "Digi-Key"; VariantName = "[No Variations]"
Add component (AddParameter): Name = "Supplier Part Number 1"; Value = "541-33.0HCT-ND"; VariantName = "[No Variations]"
Add component (AddParameter): Name = "Value"; Value = "33O"; VariantName = "[No Variations]"
Added Component: Designator=R86(RES0603)
Add component (AddParameter): Name = "Manufacturer 1"; Value = "Vishay"; VariantName = "[No Variations]"
Add component (AddParameter): Name = "Manufacturer Part Number 1"; Value = "CRCW060333R0FKEA"; VariantName = "[No Variations]"
Add component (AddParameter): Name = "Mounting Type"; Value = "SMD"; VariantName = "[No Variations]"
Add component (AddParameter): Name = "Package"; Value = "0603"; VariantName = "[No Variations]"
Add component (AddParameter): Name = "Supplier 1"; Value = "Digi-Key"; VariantName = "[No Variations]"
Add component (AddParameter): Name = "Supplier Part Number 1"; Value = "541-33.0HCT-ND"; VariantName = "[No Variations]"
Add component (AddParameter): Name = "Value"; Value = "33O"; VariantName = "[No Variations]"
Added Component: Designator=R87(RES0603)
Add component (AddParameter): Name = "Manufacturer 1"; Value = "Yageo"; VariantName = "[No Variations]"
Add component (AddParameter): Name = "Manufacturer Part Number 1"; Value = "RC0603JR-070RL"; VariantName = "[No Variations]"
Add component (AddParameter): Name = "Mounting Type"; Value = "SMD"; VariantName = "[No Variations]"
Add component (AddParameter): Name = "Package"; Value = "0603"; VariantName = "[No Variations]"
Add component (AddParameter): Name = "Supplier 1"; Value = "Digi-Key"; VariantName = "[No Variations]"
Add component (AddParameter): Name = "Supplier Part Number 1"; Value = "311-0.0GRCT-ND"; VariantName = "[No Variations]"
Add component (AddParameter): Name = "Value"; Value = "0O"; VariantName = "[No Variations]"
Added Component: Designator=R88(RES0603)
Add component (AddParameter): Name = "Manufacturer 1"; Value = "Yageo"; VariantName = "[No Variations]"
Add component (AddParameter): Name = "Manufacturer Part Number 1"; Value = "RC0603JR-070RL"; VariantName = "[No Variations]"
Add component (AddParameter): Name = "Mounting Type"; Value = "SMD"; VariantName = "[No Variations]"
Add component (AddParameter): Name = "Package"; Value = "0603"; VariantName = "[No Variations]"
Add component (AddParameter): Name = "Supplier 1"; Value = "Digi-Key"; VariantName = "[No Variations]"
Add component (AddParameter): Name = "Supplier Part Number 1"; Value = "311-0.0GRCT-ND"; VariantName = "[No Variations]"
Add component (AddParameter): Name = "Value"; Value = "0O"; VariantName = "[No Variations]"
Added Component: Designator=R89(RES2512)
Add component (AddParameter): Name = "Manufacturer 1"; Value = "Stackpole Electronics Inc"; VariantName = "[No Variations]"
Add component (AddParameter): Name = "Manufacturer Part Number 1"; Value = "RHC2512FT4R99"; VariantName = "[No Variations]"
Add component (AddParameter): Name = "Supplier 1"; Value = "Digi-Key"; VariantName = "[No Variations]"
Add component (AddParameter): Name = "Supplier Part Number 1"; Value = "RHC2512FT4R99CT-ND"; VariantName = "[No Variations]"
Add component (AddParameter): Name = "Value"; Value = "4.99O"; VariantName = "[No Variations]"
Added Component: Designator=R90(RES0603)
Add component (AddParameter): Name = "Manufacturer 1"; Value = "Yageo"; VariantName = "[No Variations]"
Add component (AddParameter): Name = "Manufacturer Part Number 1"; Value = "RC0603JR-070RL"; VariantName = "[No Variations]"
Add component (AddParameter): Name = "Mounting Type"; Value = "SMD"; VariantName = "[No Variations]"
Add component (AddParameter): Name = "Package"; Value = "0603"; VariantName = "[No Variations]"
Add component (AddParameter): Name = "Supplier 1"; Value = "Digi-Key"; VariantName = "[No Variations]"
Add component (AddParameter): Name = "Supplier Part Number 1"; Value = "311-0.0GRCT-ND"; VariantName = "[No Variations]"
Add component (AddParameter): Name = "Value"; Value = "0O"; VariantName = "[No Variations]"
Added Component: Designator=R91(RES0603)
Add component (AddParameter): Name = "Manufacturer 1"; Value = "Vishay"; VariantName = "[No Variations]"
Add component (AddParameter): Name = "Manufacturer Part Number 1"; Value = "CRCW060333R0FKEA"; VariantName = "[No Variations]"
Add component (AddParameter): Name = "Mounting Type"; Value = "SMD"; VariantName = "[No Variations]"
Add component (AddParameter): Name = "Package"; Value = "0603"; VariantName = "[No Variations]"
Add component (AddParameter): Name = "Supplier 1"; Value = "Digi-Key"; VariantName = "[No Variations]"
Add component (AddParameter): Name = "Supplier Part Number 1"; Value = "541-33.0HCT-ND"; VariantName = "[No Variations]"
Add component (AddParameter): Name = "Value"; Value = "33O"; VariantName = "[No Variations]"
Added Component: Designator=R92(RES0603)
Add component (AddParameter): Name = "Manufacturer 1"; Value = "YAGEO"; VariantName = "[No Variations]"
Add component (AddParameter): Name = "Manufacturer Part Number 1"; Value = "RC0603FR-135K1L"; VariantName = "[No Variations]"
Add component (AddParameter): Name = "Mounting Type"; Value = "SMD"; VariantName = "[No Variations]"
Add component (AddParameter): Name = "Package"; Value = "0603"; VariantName = "[No Variations]"
Add component (AddParameter): Name = "Supplier 1"; Value = "Digi-Key"; VariantName = "[No Variations]"
Add component (AddParameter): Name = "Supplier Part Number 1"; Value = "13-RC0603FR-135K1LCT-ND"; VariantName = "[No Variations]"
Add component (AddParameter): Name = "Value"; Value = "5.1kO"; VariantName = "[No Variations]"
Added Component: Designator=R93(RES0603)
Add component (AddParameter): Name = "Manufacturer 1"; Value = "YAGEO"; VariantName = "[No Variations]"
Add component (AddParameter): Name = "Manufacturer Part Number 1"; Value = "RC0603FR-135K1L"; VariantName = "[No Variations]"
Add component (AddParameter): Name = "Mounting Type"; Value = "SMD"; VariantName = "[No Variations]"
Add component (AddParameter): Name = "Package"; Value = "0603"; VariantName = "[No Variations]"
Add component (AddParameter): Name = "Supplier 1"; Value = "Digi-Key"; VariantName = "[No Variations]"
Add component (AddParameter): Name = "Supplier Part Number 1"; Value = "13-RC0603FR-135K1LCT-ND"; VariantName = "[No Variations]"
Add component (AddParameter): Name = "Value"; Value = "5.1kO"; VariantName = "[No Variations]"
Added Component: Designator=R94(RES0603)
Add component (AddParameter): Name = "Manufacturer 1"; Value = "Yageo"; VariantName = "[No Variations]"
Add component (AddParameter): Name = "Manufacturer Part Number 1"; Value = "RC0603FR-07100RL"; VariantName = "[No Variations]"
Add component (AddParameter): Name = "Supplier 1"; Value = "Digi-Key"; VariantName = "[No Variations]"
Add component (AddParameter): Name = "Supplier Part Number 1"; Value = "311-100HRCT-ND"; VariantName = "[No Variations]"
Add component (AddParameter): Name = "Value"; Value = "100O"; VariantName = "[No Variations]"
Added Component: Designator=R95(RES0603)
Add component (AddParameter): Name = "Manufacturer 1"; Value = "YAGEO"; VariantName = "[No Variations]"
Add component (AddParameter): Name = "Manufacturer Part Number 1"; Value = "RC0603FR-0710ML"; VariantName = "[No Variations]"
Add component (AddParameter): Name = "Supplier 1"; Value = "Digi-Key"; VariantName = "[No Variations]"
Add component (AddParameter): Name = "Supplier Part Number 1"; Value = "311-10.0MHRCT-ND"; VariantName = "[No Variations]"
Add component (AddParameter): Name = "Value"; Value = "10MO"; VariantName = "[No Variations]"
Added Component: Designator=R96(RES0603)
Add component (AddParameter): Name = "Manufacturer 1"; Value = "Stackpole Electronics Inc"; VariantName = "[No Variations]"
Add component (AddParameter): Name = "Manufacturer Part Number 1"; Value = "RNCP0603FTD10K0"; VariantName = "[No Variations]"
Add component (AddParameter): Name = "Mounting Type"; Value = "SMD"; VariantName = "[No Variations]"
Add component (AddParameter): Name = "Package"; Value = "0603"; VariantName = "[No Variations]"
Add component (AddParameter): Name = "Supplier 1"; Value = "Digi-Key"; VariantName = "[No Variations]"
Add component (AddParameter): Name = "Supplier Part Number 1"; Value = "RNCP0603FTD10K0CT-ND"; VariantName = "[No Variations]"
Add component (AddParameter): Name = "Value"; Value = "10kO"; VariantName = "[No Variations]"
Added Component: Designator=R97(RES0603)
Add component (AddParameter): Name = "Manufacturer 1"; Value = "YAGEO"; VariantName = "[No Variations]"
Add component (AddParameter): Name = "Manufacturer Part Number 1"; Value = "RC0603FR-0751RL"; VariantName = "[No Variations]"
Add component (AddParameter): Name = "Supplier 1"; Value = "Digi-Key"; VariantName = "[No Variations]"
Add component (AddParameter): Name = "Supplier Part Number 1"; Value = "311-51.0HRCT-ND"; VariantName = "[No Variations]"
Add component (AddParameter): Name = "Value"; Value = "51O"; VariantName = "[No Variations]"
Added Component: Designator=R98(RES0603)
Add component (AddParameter): Name = "Manufacturer 1"; Value = "YAGEO"; VariantName = "[No Variations]"
Add component (AddParameter): Name = "Manufacturer Part Number 1"; Value = "RC0603FR-0751RL"; VariantName = "[No Variations]"
Add component (AddParameter): Name = "Supplier 1"; Value = "Digi-Key"; VariantName = "[No Variations]"
Add component (AddParameter): Name = "Supplier Part Number 1"; Value = "311-51.0HRCT-ND"; VariantName = "[No Variations]"
Add component (AddParameter): Name = "Value"; Value = "51O"; VariantName = "[No Variations]"
Added Component: Designator=R99(RES0603)
Add component (AddParameter): Name = "Manufacturer 1"; Value = "YAGEO"; VariantName = "[No Variations]"
Add component (AddParameter): Name = "Manufacturer Part Number 1"; Value = "RC0603FR-0751RL"; VariantName = "[No Variations]"
Add component (AddParameter): Name = "Supplier 1"; Value = "Digi-Key"; VariantName = "[No Variations]"
Add component (AddParameter): Name = "Supplier Part Number 1"; Value = "311-51.0HRCT-ND"; VariantName = "[No Variations]"
Add component (AddParameter): Name = "Value"; Value = "51O"; VariantName = "[No Variations]"
Added Component: Designator=R100(RES0603)
Add component (AddParameter): Name = "Manufacturer 1"; Value = "YAGEO"; VariantName = "[No Variations]"
Add component (AddParameter): Name = "Manufacturer Part Number 1"; Value = "RC0603FR-0751RL"; VariantName = "[No Variations]"
Add component (AddParameter): Name = "Supplier 1"; Value = "Digi-Key"; VariantName = "[No Variations]"
Add component (AddParameter): Name = "Supplier Part Number 1"; Value = "311-51.0HRCT-ND"; VariantName = "[No Variations]"
Add component (AddParameter): Name = "Value"; Value = "51O"; VariantName = "[No Variations]"
Added Component: Designator=R101(RES0603)
Add component (AddParameter): Name = "Manufacturer 1"; Value = "YAGEO"; VariantName = "[No Variations]"
Add component (AddParameter): Name = "Manufacturer Part Number 1"; Value = "RC0603FR-0751RL"; VariantName = "[No Variations]"
Add component (AddParameter): Name = "Supplier 1"; Value = "Digi-Key"; VariantName = "[No Variations]"
Add component (AddParameter): Name = "Supplier Part Number 1"; Value = "311-51.0HRCT-ND"; VariantName = "[No Variations]"
Add component (AddParameter): Name = "Value"; Value = "51O"; VariantName = "[No Variations]"
Added Component: Designator=R102(RES0603)
Add component (AddParameter): Name = "Manufacturer 1"; Value = "YAGEO"; VariantName = "[No Variations]"
Add component (AddParameter): Name = "Manufacturer Part Number 1"; Value = "RC0603FR-0751RL"; VariantName = "[No Variations]"
Add component (AddParameter): Name = "Supplier 1"; Value = "Digi-Key"; VariantName = "[No Variations]"
Add component (AddParameter): Name = "Supplier Part Number 1"; Value = "311-51.0HRCT-ND"; VariantName = "[No Variations]"
Add component (AddParameter): Name = "Value"; Value = "51O"; VariantName = "[No Variations]"
Added Component: Designator=R103(RES0603)
Add component (AddParameter): Name = "Manufacturer 1"; Value = "Stackpole Electronics Inc"; VariantName = "[No Variations]"
Add component (AddParameter): Name = "Manufacturer Part Number 1"; Value = "RNCP0603FTD1K00"; VariantName = "[No Variations]"
Add component (AddParameter): Name = "Mounting Type"; Value = "SMD"; VariantName = "[No Variations]"
Add component (AddParameter): Name = "Package"; Value = "0603"; VariantName = "[No Variations]"
Add component (AddParameter): Name = "Supplier 1"; Value = "Digi-Key"; VariantName = "[No Variations]"
Add component (AddParameter): Name = "Supplier Part Number 1"; Value = "RNCP0603FTD1K00CT-ND"; VariantName = "[No Variations]"
Add component (AddParameter): Name = "Value"; Value = "1kO"; VariantName = "[No Variations]"
Added Component: Designator=R?(RES0603)
Add component (AddParameter): Name = "Manufacturer 1"; Value = "Stackpole Electronics Inc"; VariantName = "[No Variations]"
Add component (AddParameter): Name = "Manufacturer Part Number 1"; Value = "RNCP0603FTD10K0"; VariantName = "[No Variations]"
Add component (AddParameter): Name = "Mounting Type"; Value = "SMD"; VariantName = "[No Variations]"
Add component (AddParameter): Name = "Package"; Value = "0603"; VariantName = "[No Variations]"
Add component (AddParameter): Name = "Supplier 1"; Value = "Digi-Key"; VariantName = "[No Variations]"
Add component (AddParameter): Name = "Supplier Part Number 1"; Value = "RNCP0603FTD10K0CT-ND"; VariantName = "[No Variations]"
Add component (AddParameter): Name = "Value"; Value = "10kO"; VariantName = "[No Variations]"
Added Component: Designator=S1(SPST_PUSHBUTTON_TL3305AF260QG)
Add component (AddParameter): Name = "Manufacturer 1"; Value = "E-Switch"; VariantName = "[No Variations]"
Add component (AddParameter): Name = "Manufacturer Part Number 1"; Value = "TL3305AF260QG"; VariantName = "[No Variations]"
Add component (AddParameter): Name = "Mounting Type"; Value = "SMD"; VariantName = "[No Variations]"
Add component (AddParameter): Name = "Supplier 1"; Value = "Digi-Key"; VariantName = "[No Variations]"
Add component (AddParameter): Name = "Supplier Part Number 1"; Value = "EG5353CT-ND"; VariantName = "[No Variations]"
Added Component: Designator=TP1(S1751-46R)
Add component (AddParameter): Name = "Manufacturer 1"; Value = "Harwin"; VariantName = "[No Variations]"
Add component (AddParameter): Name = "Manufacturer Part Number 1"; Value = "S1751-46R"; VariantName = "[No Variations]"
Add component (AddParameter): Name = "Mounting Type"; Value = "SMD"; VariantName = "[No Variations]"
Add component (AddParameter): Name = "Package/Footprint"; Value = "SMD"; VariantName = "[No Variations]"
Add component (AddParameter): Name = "Supplier 1"; Value = "Digi-Key"; VariantName = "[No Variations]"
Add component (AddParameter): Name = "Supplier Part Number 1"; Value = "952-1478-1-ND"; VariantName = "[No Variations]"
Added Component: Designator=TP2(S1751-46R)
Add component (AddParameter): Name = "Manufacturer 1"; Value = "Harwin"; VariantName = "[No Variations]"
Add component (AddParameter): Name = "Manufacturer Part Number 1"; Value = "S1751-46R"; VariantName = "[No Variations]"
Add component (AddParameter): Name = "Mounting Type"; Value = "SMD"; VariantName = "[No Variations]"
Add component (AddParameter): Name = "Package/Footprint"; Value = "SMD"; VariantName = "[No Variations]"
Add component (AddParameter): Name = "Supplier 1"; Value = "Digi-Key"; VariantName = "[No Variations]"
Add component (AddParameter): Name = "Supplier Part Number 1"; Value = "952-1478-1-ND"; VariantName = "[No Variations]"
Added Component: Designator=TP3(S1751-46R)
Add component (AddParameter): Name = "Manufacturer 1"; Value = "Harwin"; VariantName = "[No Variations]"
Add component (AddParameter): Name = "Manufacturer Part Number 1"; Value = "S1751-46R"; VariantName = "[No Variations]"
Add component (AddParameter): Name = "Mounting Type"; Value = "SMD"; VariantName = "[No Variations]"
Add component (AddParameter): Name = "Package/Footprint"; Value = "SMD"; VariantName = "[No Variations]"
Add component (AddParameter): Name = "Supplier 1"; Value = "Digi-Key"; VariantName = "[No Variations]"
Add component (AddParameter): Name = "Supplier Part Number 1"; Value = "952-1478-1-ND"; VariantName = "[No Variations]"
Added Component: Designator=TP4(TESTPOINT_SQUARE_1MM)
Added Component: Designator=TP5(TESTPOINT_SQUARE_1MM)
Added Component: Designator=TP6(TESTPOINT_SQUARE_1MM)
Added Component: Designator=TP7(TESTPOINT_SQUARE_1MM)
Added Component: Designator=TP8(TESTPOINT_SQUARE_1MM)
Added Component: Designator=TP9(TESTPOINT_SQUARE_1MM)
Added Component: Designator=TP10(TESTPOINT_SQUARE_1MM)
Added Component: Designator=TP11(TESTPOINT_SQUARE_1MM)
Added Component: Designator=TP12(TESTPOINT_SQUARE_1MM)
Added Component: Designator=TP13(TESTPOINT_SQUARE_1MM)
Added Component: Designator=TP14(TESTPOINT_SQUARE_1MM)
Added Component: Designator=TP15(TESTPOINT_SQUARE_1MM)
Added Component: Designator=TP16(TESTPOINT_SQUARE_1MM)
Added Component: Designator=TP17(TESTPOINT_SQUARE_1MM)
Added Component: Designator=TP18(TESTPOINT_SQUARE_1MM)
Added Component: Designator=TP19(TESTPOINT_SQUARE_1MM)
Added Component: Designator=TP20(TESTPOINT_SQUARE_1MM)
Added Component: Designator=TP21(TESTPOINT_SQUARE_1MM)
Added Component: Designator=TP22(TESTPOINT_CIRCLE_1MM)
Added Component: Designator=TP23(TESTPOINT_CIRCLE_1MM)
Added Component: Designator=TP24(TESTPOINT_SQUARE_1MM)
Added Component: Designator=TP25(TESTPOINT_SQUARE_1MM)
Added Component: Designator=TP26(TESTPOINT_SQUARE_1MM)
Added Component: Designator=TP27(TESTPOINT_SQUARE_1MM)
Added Component: Designator=TP28(TESTPOINT_SQUARE_1MM)
Added Component: Designator=TP29(TESTPOINT_SQUARE_1MM)
Added Component: Designator=TP30(TESTPOINT_SQUARE_1MM)
Added Component: Designator=TP31(TESTPOINT_SQUARE_1MM)
Added Component: Designator=TP32(TESTPOINT_SQUARE_1MM)
Added Component: Designator=TP33(TESTPOINT_SQUARE_1MM)
Added Component: Designator=TP34(TESTPOINT_SQUARE_1MM)
Added Component: Designator=TP35(TESTPOINT_SQUARE_1MM)
Added Component: Designator=TP36(TESTPOINT_SQUARE_1MM)
Added Component: Designator=TP37(TESTPOINT_SQUARE_1MM)
Added Component: Designator=TP38(TESTPOINT_SQUARE_1MM)
Added Component: Designator=TP39(TESTPOINT_CIRCLE_1MM)
Added Component: Designator=TP40(TESTPOINT_CIRCLE_1MM)
Added Component: Designator=TP41(TESTPOINT_CIRCLE_1MM)
Added Component: Designator=TP42(TESTPOINT_CIRCLE_1MM)
Added Component: Designator=TP43(TESTPOINT_CIRCLE_1MM)
Added Component: Designator=TP44(TESTPOINT_CIRCLE_1MM)
Added Component: Designator=TP45(TESTPOINT_CIRCLE_1MM)
Added Component: Designator=TP46(TESTPOINT_CIRCLE_1MM)
Added Component: Designator=TP47(TESTPOINT_CIRCLE_1MM)
Added Component: Designator=TP48(TESTPOINT_CIRCLE_1MM)
Added Component: Designator=TP49(TESTPOINT_CIRCLE_1MM)
Added Component: Designator=TP50(TESTPOINT_CIRCLE_1MM)
Added Component: Designator=TP51(TESTPOINT_CIRCLE_1MM)
Added Component: Designator=TP52(TESTPOINT_CIRCLE_1MM)
Added Component: Designator=TP53(TESTPOINT_CIRCLE_1MM)
Added Component: Designator=TP54(TESTPOINT_CIRCLE_1MM)
Added Component: Designator=TP55(TESTPOINT_CIRCLE_1MM)
Added Component: Designator=TP56(S1751-46R)
Add component (AddParameter): Name = "Manufacturer 1"; Value = "Harwin"; VariantName = "[No Variations]"
Add component (AddParameter): Name = "Manufacturer Part Number 1"; Value = "S1751-46R"; VariantName = "[No Variations]"
Add component (AddParameter): Name = "Mounting Type"; Value = "SMD"; VariantName = "[No Variations]"
Add component (AddParameter): Name = "Package/Footprint"; Value = "SMD"; VariantName = "[No Variations]"
Add component (AddParameter): Name = "Supplier 1"; Value = "Digi-Key"; VariantName = "[No Variations]"
Add component (AddParameter): Name = "Supplier Part Number 1"; Value = "952-1478-1-ND"; VariantName = "[No Variations]"
Added Component: Designator=TP57(S1751-46R)
Add component (AddParameter): Name = "Manufacturer 1"; Value = "Harwin"; VariantName = "[No Variations]"
Add component (AddParameter): Name = "Manufacturer Part Number 1"; Value = "S1751-46R"; VariantName = "[No Variations]"
Add component (AddParameter): Name = "Mounting Type"; Value = "SMD"; VariantName = "[No Variations]"
Add component (AddParameter): Name = "Package/Footprint"; Value = "SMD"; VariantName = "[No Variations]"
Add component (AddParameter): Name = "Supplier 1"; Value = "Digi-Key"; VariantName = "[No Variations]"
Add component (AddParameter): Name = "Supplier Part Number 1"; Value = "952-1478-1-ND"; VariantName = "[No Variations]"
Added Component: Designator=TP58(S1751-46R)
Add component (AddParameter): Name = "Manufacturer 1"; Value = "Harwin"; VariantName = "[No Variations]"
Add component (AddParameter): Name = "Manufacturer Part Number 1"; Value = "S1751-46R"; VariantName = "[No Variations]"
Add component (AddParameter): Name = "Mounting Type"; Value = "SMD"; VariantName = "[No Variations]"
Add component (AddParameter): Name = "Package/Footprint"; Value = "SMD"; VariantName = "[No Variations]"
Add component (AddParameter): Name = "Supplier 1"; Value = "Digi-Key"; VariantName = "[No Variations]"
Add component (AddParameter): Name = "Supplier Part Number 1"; Value = "952-1478-1-ND"; VariantName = "[No Variations]"
Added Component: Designator=TP59(TESTPOINT_SQUARE_1MM)
Added Component: Designator=TP60(TESTPOINT_CIRCLE_1MM)
Added Component: Designator=TP61(S1751-46R)
Add component (AddParameter): Name = "Manufacturer 1"; Value = "Harwin"; VariantName = "[No Variations]"
Add component (AddParameter): Name = "Manufacturer Part Number 1"; Value = "S1751-46R"; VariantName = "[No Variations]"
Add component (AddParameter): Name = "Mounting Type"; Value = "SMD"; VariantName = "[No Variations]"
Add component (AddParameter): Name = "Package/Footprint"; Value = "SMD"; VariantName = "[No Variations]"
Add component (AddParameter): Name = "Supplier 1"; Value = "Digi-Key"; VariantName = "[No Variations]"
Add component (AddParameter): Name = "Supplier Part Number 1"; Value = "952-1478-1-ND"; VariantName = "[No Variations]"
Added Component: Designator=TP62(TESTPOINT_SQUARE_1MM)
Added Component: Designator=TP63(S1751-46R)
Add component (AddParameter): Name = "Manufacturer 1"; Value = "Harwin"; VariantName = "[No Variations]"
Add component (AddParameter): Name = "Manufacturer Part Number 1"; Value = "S1751-46R"; VariantName = "[No Variations]"
Add component (AddParameter): Name = "Mounting Type"; Value = "SMD"; VariantName = "[No Variations]"
Add component (AddParameter): Name = "Package/Footprint"; Value = "SMD"; VariantName = "[No Variations]"
Add component (AddParameter): Name = "Supplier 1"; Value = "Digi-Key"; VariantName = "[No Variations]"
Add component (AddParameter): Name = "Supplier Part Number 1"; Value = "952-1478-1-ND"; VariantName = "[No Variations]"
Added Component: Designator=U1(TI_48-TQFP)
Add component (AddParameter): Name = "Manufacturer 1"; Value = "Texas Instruments"; VariantName = "[No Variations]"
Add component (AddParameter): Name = "Manufacturer Part Number 1"; Value = "BQ76952PFBR"; VariantName = "[No Variations]"
Add component (AddParameter): Name = "Package/Footprint"; Value = "48-TQFP"; VariantName = "[No Variations]"
Add component (AddParameter): Name = "Supplier 1"; Value = "Digi-Key"; VariantName = "[No Variations]"
Add component (AddParameter): Name = "Supplier Part Number 1"; Value = "296-BQ76952PFBRCT-ND"; VariantName = "[No Variations]"
Added Component: Designator=U2(STM-LQFP32)
Add component (AddParameter): Name = "Manufacturer 1"; Value = "STMicroelectronics"; VariantName = "[No Variations]"
Add component (AddParameter): Name = "Manufacturer Part Number 1"; Value = "STM32L412K8T6"; VariantName = "[No Variations]"
Add component (AddParameter): Name = "Package/Footprint"; Value = "32-LQFP"; VariantName = "[No Variations]"
Add component (AddParameter): Name = "Supplier 1"; Value = "Digi-Key"; VariantName = "[No Variations]"
Add component (AddParameter): Name = "Supplier Part Number 1"; Value = "497-STM32L412K8T6-ND"; VariantName = "[No Variations]"
Added Component: Designator=U3(SOT23-5)
Add component (AddParameter): Name = "Manufacturer 1"; Value = "Analog Devices Inc."; VariantName = "[No Variations]"
Add component (AddParameter): Name = "Manufacturer Part Number 1"; Value = "LTC6905CS5#TRMPBF"; VariantName = "[No Variations]"
Add component (AddParameter): Name = "Package/Footprint"; Value = "SOT-23-5"; VariantName = "[No Variations]"
Add component (AddParameter): Name = "Supplier 1"; Value = "Digi-Key"; VariantName = "[No Variations]"
Add component (AddParameter): Name = "Supplier Part Number 1"; Value = "505-LTC6905CS5#TRMPBFCT-ND"; VariantName = "[No Variations]"
Added Component: Designator=Y1(OSC_ECS-327TR-2)
Add component (AddParameter): Name = "Frequency"; Value = "32.768kHz"; VariantName = "[No Variations]"
Add component (AddParameter): Name = "Manufacturer 1"; Value = "ECS Inc."; VariantName = "[No Variations]"
Add component (AddParameter): Name = "Manufacturer Part Number 1"; Value = "ECS-.327-9-1210-TR"; VariantName = "[No Variations]"
Add component (AddParameter): Name = "Supplier 1"; Value = "Digi-Key"; VariantName = "[No Variations]"
Add component (AddParameter): Name = "Supplier Part Number 1"; Value = "XC2283CT-ND"; VariantName = "[No Variations]"
Added Pin To Net: NetName=VBAT- Pin=C1-1
Added Pin To Net: NetName=VC0 Pin=C1-2
Added Pin To Net: NetName=VBAT- Pin=C2-1
Added Pin To Net: NetName=VC1 Pin=C2-2
Added Pin To Net: NetName=VC1 Pin=C3-1
Added Pin To Net: NetName=VC2 Pin=C3-2
Added Pin To Net: NetName=VC2 Pin=C4-1
Added Pin To Net: NetName=VC3 Pin=C4-2
Added Pin To Net: NetName=VC3 Pin=C5-1
Added Pin To Net: NetName=VC4 Pin=C5-2
Added Pin To Net: NetName=VC4 Pin=C6-1
Added Pin To Net: NetName=VC5 Pin=C6-2
Added Pin To Net: NetName=VC5 Pin=C7-1
Added Pin To Net: NetName=VC6 Pin=C7-2
Added Pin To Net: NetName=VC6 Pin=C8-1
Added Pin To Net: NetName=VC7 Pin=C8-2
Added Pin To Net: NetName=VC7 Pin=C9-1
Added Pin To Net: NetName=VC8 Pin=C9-2
Added Pin To Net: NetName=VC8 Pin=C10-1
Added Pin To Net: NetName=VC9 Pin=C10-2
Added Pin To Net: NetName=VC9 Pin=C11-1
Added Pin To Net: NetName=VC10 Pin=C11-2
Added Pin To Net: NetName=VC10 Pin=C12-1
Added Pin To Net: NetName=VC11 Pin=C12-2
Added Pin To Net: NetName=VC11 Pin=C13-1
Added Pin To Net: NetName=VC12 Pin=C13-2
Added Pin To Net: NetName=VC15 Pin=C14-1
Added Pin To Net: NetName=VC16 Pin=C14-2
Added Pin To Net: NetName=VC14 Pin=C15-1
Added Pin To Net: NetName=VC15 Pin=C15-2
Added Pin To Net: NetName=VC13 Pin=C16-1
Added Pin To Net: NetName=VC14 Pin=C16-2
Added Pin To Net: NetName=VC12 Pin=C17-1
Added Pin To Net: NetName=VC13 Pin=C17-2
Added Pin To Net: NetName=VBAT- Pin=C18-1
Added Pin To Net: NetName=1V8 Pin=C18-2
Added Pin To Net: NetName=VBAT- Pin=C19-1
Added Pin To Net: NetName=3V3 Pin=C19-2
Added Pin To Net: NetName=VBAT- Pin=C20-1
Added Pin To Net: NetName=VBAT+ Pin=C20-2
Added Pin To Net: NetName=VBAT- Pin=C21-1
Added Pin To Net: NetName=VBAT+ Pin=C21-2
Added Pin To Net: NetName=VBAT- Pin=C22-1
Added Pin To Net: NetName=3V3 Pin=C22-2
Added Pin To Net: NetName=VBAT- Pin=C23-1
Added Pin To Net: NetName=3V3 Pin=C23-2
Added Pin To Net: NetName=VBAT- Pin=C24-1
Added Pin To Net: NetName=3V3 Pin=C24-2
Added Pin To Net: NetName=VBAT- Pin=C25-1
Added Pin To Net: NetName=3V3 Pin=C25-2
Added Pin To Net: NetName=VBAT- Pin=C26-1
Added Pin To Net: NetName=3V3 Pin=C26-2
Added Pin To Net: NetName=VBAT- Pin=C27-1
Added Pin To Net: NetName=3V3 Pin=C27-2
Added Pin To Net: NetName=VBAT- Pin=C28-1
Added Pin To Net: NetName=3V3 Pin=C28-2
Added Pin To Net: NetName=AFE_BAT Pin=C29-1
Added Pin To Net: NetName=CP1 Pin=C29-2
Added Pin To Net: NetName=VBAT- Pin=C30-1
Added Pin To Net: NetName=OSC32-IN Pin=C30-2
Added Pin To Net: NetName=VBAT- Pin=C31-1
Added Pin To Net: NetName=OSC32-OUT Pin=C31-2
Added Pin To Net: NetName=VBAT- Pin=C32-1
Added Pin To Net: NetName=VPACK- Pin=C32-2
Added Pin To Net: NetName=VBAT+ Pin=C33-1
Added Pin To Net: NetName=NetC33_2 Pin=C33-2
Added Pin To Net: NetName=NetC33_2 Pin=C34-1
Added Pin To Net: NetName=VPACK+ Pin=C34-2
Added Pin To Net: NetName=CELL_V0 Pin=D1-1
Added Pin To Net: NetName=NetD1_2 Pin=D1-2
Added Pin To Net: NetName=CELL_V1 Pin=D2-1
Added Pin To Net: NetName=NetD2_2 Pin=D2-2
Added Pin To Net: NetName=CELL_V2 Pin=D3-1
Added Pin To Net: NetName=NetD3_2 Pin=D3-2
Added Pin To Net: NetName=CELL_V3 Pin=D4-1
Added Pin To Net: NetName=NetD4_2 Pin=D4-2
Added Pin To Net: NetName=CELL_V4 Pin=D5-1
Added Pin To Net: NetName=NetD5_2 Pin=D5-2
Added Pin To Net: NetName=CELL_V5 Pin=D6-1
Added Pin To Net: NetName=NetD6_2 Pin=D6-2
Added Pin To Net: NetName=CELL_V6 Pin=D7-1
Added Pin To Net: NetName=NetD7_2 Pin=D7-2
Added Pin To Net: NetName=CELL_V7 Pin=D8-1
Added Pin To Net: NetName=NetD8_2 Pin=D8-2
Added Pin To Net: NetName=CELL_V8 Pin=D9-1
Added Pin To Net: NetName=NetD9_2 Pin=D9-2
Added Pin To Net: NetName=CELL_V9 Pin=D10-1
Added Pin To Net: NetName=NetD10_2 Pin=D10-2
Added Pin To Net: NetName=CELL_V10 Pin=D11-1
Added Pin To Net: NetName=NetD11_2 Pin=D11-2
Added Pin To Net: NetName=CELL_V11 Pin=D12-1
Added Pin To Net: NetName=NetD12_2 Pin=D12-2
Added Pin To Net: NetName=CELL_V15 Pin=D13-1
Added Pin To Net: NetName=NetD13_2 Pin=D13-2
Added Pin To Net: NetName=CELL_V14 Pin=D14-1
Added Pin To Net: NetName=NetD14_2 Pin=D14-2
Added Pin To Net: NetName=CELL_V13 Pin=D15-1
Added Pin To Net: NetName=NetD15_2 Pin=D15-2
Added Pin To Net: NetName=CELL_V12 Pin=D16-1
Added Pin To Net: NetName=NetD16_2 Pin=D16-2
Added Pin To Net: NetName=VBAT+ Pin=D17-1
Added Pin To Net: NetName=NetD17_2 Pin=D17-2
Added Pin To Net: NetName=VBAT+ Pin=D18-1
Added Pin To Net: NetName=NetD18_2 Pin=D18-2
Added Pin To Net: NetName=VPACK+ Pin=D19-1
Added Pin To Net: NetName=VBAT+ Pin=D20-1
Added Pin To Net: NetName=VBAT- Pin=D21-1
Added Pin To Net: NetName=DSG Pin=D21-2
Added Pin To Net: NetName=VPACK+ Pin=D22-1
Added Pin To Net: NetName=VBAT- Pin=D23-1
Added Pin To Net: NetName=NetD23_2 Pin=D23-2
Added Pin To Net: NetName=DSG Pin=D24-2
Added Pin To Net: NetName=VBAT+_F Pin=F1-1
Added Pin To Net: NetName=VBAT+ Pin=F1-2
Added Pin To Net: NetName=3V3 Pin=J1-1
Added Pin To Net: NetName=NRST Pin=J1-2
Added Pin To Net: NetName=JTRST Pin=J1-3
Added Pin To Net: NetName=JTMS/SWDIO Pin=J1-4
Added Pin To Net: NetName=JTCK/SWCLK Pin=J1-5
Added Pin To Net: NetName=JTDO Pin=J1-6
Added Pin To Net: NetName=JTDI Pin=J1-7
Added Pin To Net: NetName=CELL_V0 Pin=J2-1
Added Pin To Net: NetName=CELL_V9 Pin=J2-2
Added Pin To Net: NetName=CELL_V1 Pin=J2-3
Added Pin To Net: NetName=CELL_V10 Pin=J2-4
Added Pin To Net: NetName=CELL_V2 Pin=J2-5
Added Pin To Net: NetName=CELL_V11 Pin=J2-6
Added Pin To Net: NetName=CELL_V3 Pin=J2-7
Added Pin To Net: NetName=CELL_V12 Pin=J2-8
Added Pin To Net: NetName=CELL_V4 Pin=J2-9
Added Pin To Net: NetName=CELL_V13 Pin=J2-10
Added Pin To Net: NetName=CELL_V5 Pin=J2-11
Added Pin To Net: NetName=CELL_V14 Pin=J2-12
Added Pin To Net: NetName=CELL_V6 Pin=J2-13
Added Pin To Net: NetName=CELL_V15 Pin=J2-14
Added Pin To Net: NetName=CELL_V7 Pin=J2-15
Added Pin To Net: NetName=CELL_V16 Pin=J2-16
Added Pin To Net: NetName=CELL_V8 Pin=J2-17
Added Pin To Net: NetName=VBAT- Pin=J3-1
Added Pin To Net: NetName=VBAT- Pin=J3-2
Added Pin To Net: NetName=VBAT- Pin=J3-3
Added Pin To Net: NetName=VBAT- Pin=J3-4
Added Pin To Net: NetName=VBAT- Pin=J3-5
Added Pin To Net: NetName=VBAT- Pin=J3-6
Added Pin To Net: NetName=T1 Pin=J3-7
Added Pin To Net: NetName=T2 Pin=J3-8
Added Pin To Net: NetName=T3 Pin=J3-9
Added Pin To Net: NetName=T4 Pin=J3-10
Added Pin To Net: NetName=VBAT- Pin=J8-1
Added Pin To Net: NetName=USART_RX Pin=J8-4
Added Pin To Net: NetName=USART_TX Pin=J8-5
Added Pin To Net: NetName=USART_TX Pin=J9-1
Added Pin To Net: NetName=USART_RX Pin=J9-2
Added Pin To Net: NetName=VPACK- Pin=J9-3
Added Pin To Net: NetName=VPACK- Pin=J9-4
Added Pin To Net: NetName=SPI_MOSI Pin=J10-1
Added Pin To Net: NetName=SPI_MISO Pin=J10-2
Added Pin To Net: NetName=SPI_SCLK Pin=J10-3
Added Pin To Net: NetName=AFE_CS_n Pin=J10-4
Added Pin To Net: NetName=VBAT- Pin=J10-5
Added Pin To Net: NetName=VBAT- Pin=J12-0
Added Pin To Net: NetName=VBAT- Pin=J12-0
Added Pin To Net: NetName=NetJ12_1 Pin=J12-1
Added Pin To Net: NetName=DEEPSLEEP_EN Pin=J12-2
Added Pin To Net: NetName=VBAT- Pin=J12-3
Added Pin To Net: NetName=I2C_SCL Pin=J14-1
Added Pin To Net: NetName=I2C_SDA Pin=J14-2
Added Pin To Net: NetName=VBAT- Pin=J14-3
Added Pin To Net: NetName=NetLED1_1 Pin=LED1-1
Added Pin To Net: NetName=NetLED1_2 Pin=LED1-2
Add Pin To Net: Unknown Pin: Pin MH5-1
Add Pin To Net: Unknown Pin: Pin MH6-1
Add Pin To Net: Unknown Pin: Pin MH7-1
Add Pin To Net: Unknown Pin: Pin MH8-1
Added Pin To Net: NetName=VBAT- Pin=NT1-1
Added Pin To Net: NetName=CELL_V0 Pin=NT1-2
Added Pin To Net: NetName=NetD1_2 Pin=Q1-1
Added Pin To Net: NetName=CELL_V0 Pin=Q1-2
Added Pin To Net: NetName=NetQ1_3 Pin=Q1-3
Added Pin To Net: NetName=NetD2_2 Pin=Q2-1
Added Pin To Net: NetName=CELL_V1 Pin=Q2-2
Added Pin To Net: NetName=NetQ2_3 Pin=Q2-3
Added Pin To Net: NetName=NetD3_2 Pin=Q3-1
Added Pin To Net: NetName=CELL_V2 Pin=Q3-2
Added Pin To Net: NetName=NetQ3_3 Pin=Q3-3
Added Pin To Net: NetName=NetD4_2 Pin=Q4-1
Added Pin To Net: NetName=CELL_V3 Pin=Q4-2
Added Pin To Net: NetName=NetQ4_3 Pin=Q4-3
Added Pin To Net: NetName=NetD5_2 Pin=Q5-1
Added Pin To Net: NetName=CELL_V4 Pin=Q5-2
Added Pin To Net: NetName=NetQ5_3 Pin=Q5-3
Added Pin To Net: NetName=NetD6_2 Pin=Q6-1
Added Pin To Net: NetName=CELL_V5 Pin=Q6-2
Added Pin To Net: NetName=NetQ6_3 Pin=Q6-3
Added Pin To Net: NetName=NetD7_2 Pin=Q7-1
Added Pin To Net: NetName=CELL_V6 Pin=Q7-2
Added Pin To Net: NetName=NetQ7_3 Pin=Q7-3
Added Pin To Net: NetName=NetD8_2 Pin=Q8-1
Added Pin To Net: NetName=CELL_V7 Pin=Q8-2
Added Pin To Net: NetName=NetQ8_3 Pin=Q8-3
Added Pin To Net: NetName=NetD9_2 Pin=Q9-1
Added Pin To Net: NetName=CELL_V8 Pin=Q9-2
Added Pin To Net: NetName=NetQ9_3 Pin=Q9-3
Added Pin To Net: NetName=NetD10_2 Pin=Q10-1
Added Pin To Net: NetName=CELL_V9 Pin=Q10-2
Added Pin To Net: NetName=NetQ10_3 Pin=Q10-3
Added Pin To Net: NetName=NetD11_2 Pin=Q11-1
Added Pin To Net: NetName=CELL_V10 Pin=Q11-2
Added Pin To Net: NetName=NetQ11_3 Pin=Q11-3
Added Pin To Net: NetName=NetD12_2 Pin=Q12-1
Added Pin To Net: NetName=CELL_V11 Pin=Q12-2
Added Pin To Net: NetName=NetQ12_3 Pin=Q12-3
Added Pin To Net: NetName=VPDSG Pin=Q13-2
Added Pin To Net: NetName=NetD13_2 Pin=Q14-1
Added Pin To Net: NetName=CELL_V15 Pin=Q14-2
Added Pin To Net: NetName=NetQ14_3 Pin=Q14-3
Added Pin To Net: NetName=NetD14_2 Pin=Q15-1
Added Pin To Net: NetName=CELL_V14 Pin=Q15-2
Added Pin To Net: NetName=NetQ15_3 Pin=Q15-3
Added Pin To Net: NetName=NetD15_2 Pin=Q16-1
Added Pin To Net: NetName=CELL_V13 Pin=Q16-2
Added Pin To Net: NetName=NetQ16_3 Pin=Q16-3
Added Pin To Net: NetName=STM32_HEARTBEAT Pin=Q17-1
Added Pin To Net: NetName=VBAT- Pin=Q17-2
Added Pin To Net: NetName=NetLED1_2 Pin=Q17-3
Added Pin To Net: NetName=NetD16_2 Pin=Q18-1
Added Pin To Net: NetName=CELL_V12 Pin=Q18-2
Added Pin To Net: NetName=VPACK+ Pin=Q21-2
Added Pin To Net: NetName=NetQ23_1 Pin=Q23-1
Added Pin To Net: NetName=VPDSG Pin=Q23-2
Added Pin To Net: NetName=BREG Pin=Q25-1
Added Pin To Net: NetName=REGIN Pin=Q25-2
Added Pin To Net: NetName=NetQ25_3 Pin=Q25-3
Added Pin To Net: NetName=VPACK+ Pin=Q26-1
Added Pin To Net: NetName=VPACK+ Pin=Q26-2
Added Pin To Net: NetName=VPACK+ Pin=Q26-3
Added Pin To Net: NetName=VPACK+ Pin=Q26-3
Added Pin To Net: NetName=VPACK+ Pin=Q27-1
Added Pin To Net: NetName=VPACK+ Pin=Q27-2
Added Pin To Net: NetName=VPACK+ Pin=Q27-3
Added Pin To Net: NetName=VPACK+ Pin=Q27-3
Added Pin To Net: NetName=VPACK+ Pin=Q28-1
Added Pin To Net: NetName=VPACK+ Pin=Q28-2
Added Pin To Net: NetName=VPACK+ Pin=Q28-3
Added Pin To Net: NetName=VPACK+ Pin=Q28-3
Added Pin To Net: NetName=VBAT+ Pin=Q29-1
Added Pin To Net: NetName=VBAT+ Pin=Q29-2
Added Pin To Net: NetName=VBAT+ Pin=Q29-3
Added Pin To Net: NetName=VBAT+ Pin=Q29-3
Added Pin To Net: NetName=VBAT+ Pin=Q30-1
Added Pin To Net: NetName=VBAT+ Pin=Q30-2
Added Pin To Net: NetName=VBAT+ Pin=Q30-3
Added Pin To Net: NetName=VBAT+ Pin=Q30-3
Added Pin To Net: NetName=VBAT+ Pin=Q31-1
Added Pin To Net: NetName=VBAT+ Pin=Q31-2
Added Pin To Net: NetName=VBAT+ Pin=Q31-3
Added Pin To Net: NetName=VBAT+ Pin=Q31-3
Added Pin To Net: NetName=CELL_V0 Pin=R1-1
Added Pin To Net: NetName=VC0 Pin=R1-2
Added Pin To Net: NetName=CELL_V1 Pin=R2-1
Added Pin To Net: NetName=VC1 Pin=R2-2
Added Pin To Net: NetName=CELL_V2 Pin=R3-1
Added Pin To Net: NetName=VC2 Pin=R3-2
Added Pin To Net: NetName=CELL_V3 Pin=R4-1
Added Pin To Net: NetName=VC3 Pin=R4-2
Added Pin To Net: NetName=CELL_V4 Pin=R5-1
Added Pin To Net: NetName=VC4 Pin=R5-2
Added Pin To Net: NetName=CELL_V5 Pin=R6-1
Added Pin To Net: NetName=VC5 Pin=R6-2
Added Pin To Net: NetName=CELL_V6 Pin=R7-1
Added Pin To Net: NetName=VC6 Pin=R7-2
Added Pin To Net: NetName=CELL_V7 Pin=R8-1
Added Pin To Net: NetName=VC7 Pin=R8-2
Added Pin To Net: NetName=CELL_V8 Pin=R9-1
Added Pin To Net: NetName=VC8 Pin=R9-2
Added Pin To Net: NetName=CELL_V9 Pin=R10-1
Added Pin To Net: NetName=VC9 Pin=R10-2
Added Pin To Net: NetName=CELL_V10 Pin=R11-1
Added Pin To Net: NetName=VC10 Pin=R11-2
Added Pin To Net: NetName=CELL_V11 Pin=R12-1
Added Pin To Net: NetName=VC11 Pin=R12-2
Added Pin To Net: NetName=CELL_V12 Pin=R13-1
Added Pin To Net: NetName=VC12 Pin=R13-2
Added Pin To Net: NetName=PDSG Pin=R14-1
Added Pin To Net: NetName=NetQ23_1 Pin=R14-2
Added Pin To Net: NetName=CELL_V16 Pin=R15-1
Added Pin To Net: NetName=VC16 Pin=R15-2
Added Pin To Net: NetName=NetQ14_3 Pin=R16-1
Added Pin To Net: NetName=CELL_V16 Pin=R16-2
Added Pin To Net: NetName=NetD13_2 Pin=R17-1
Added Pin To Net: NetName=VC15 Pin=R17-2
Added Pin To Net: NetName=NetD1_2 Pin=R18-1
Added Pin To Net: NetName=VC0 Pin=R18-2
Added Pin To Net: NetName=NetD2_2 Pin=R19-1
Added Pin To Net: NetName=VC1 Pin=R19-2
Added Pin To Net: NetName=NetD3_2 Pin=R20-1
Added Pin To Net: NetName=VC2 Pin=R20-2
Added Pin To Net: NetName=NetD4_2 Pin=R21-1
Added Pin To Net: NetName=VC3 Pin=R21-2
Added Pin To Net: NetName=NetD5_2 Pin=R22-1
Added Pin To Net: NetName=VC4 Pin=R22-2
Added Pin To Net: NetName=NetD6_2 Pin=R23-1
Added Pin To Net: NetName=VC5 Pin=R23-2
Added Pin To Net: NetName=NetD7_2 Pin=R24-1
Added Pin To Net: NetName=VC6 Pin=R24-2
Added Pin To Net: NetName=NetD8_2 Pin=R25-1
Added Pin To Net: NetName=VC7 Pin=R25-2
Added Pin To Net: NetName=NetD9_2 Pin=R26-1
Added Pin To Net: NetName=VC8 Pin=R26-2
Added Pin To Net: NetName=NetD10_2 Pin=R27-1
Added Pin To Net: NetName=VC9 Pin=R27-2
Added Pin To Net: NetName=NetD11_2 Pin=R28-1
Added Pin To Net: NetName=VC10 Pin=R28-2
Added Pin To Net: NetName=NetD12_2 Pin=R29-1
Added Pin To Net: NetName=VC11 Pin=R29-2
Added Pin To Net: NetName=CELL_V15 Pin=R30-1
Added Pin To Net: NetName=VC15 Pin=R30-2
Added Pin To Net: NetName=NetQ15_3 Pin=R31-1
Added Pin To Net: NetName=CELL_V15 Pin=R31-2
Added Pin To Net: NetName=NetD14_2 Pin=R32-1
Added Pin To Net: NetName=VC14 Pin=R32-2
Added Pin To Net: NetName=CELL_V14 Pin=R33-1
Added Pin To Net: NetName=VC14 Pin=R33-2
Added Pin To Net: NetName=NetQ1_3 Pin=R34-1
Added Pin To Net: NetName=CELL_V1 Pin=R34-2
Added Pin To Net: NetName=NetQ2_3 Pin=R35-1
Added Pin To Net: NetName=CELL_V2 Pin=R35-2
Added Pin To Net: NetName=NetQ3_3 Pin=R36-1
Added Pin To Net: NetName=CELL_V3 Pin=R36-2
Added Pin To Net: NetName=NetQ4_3 Pin=R37-1
Added Pin To Net: NetName=CELL_V4 Pin=R37-2
Added Pin To Net: NetName=NetQ5_3 Pin=R38-1
Added Pin To Net: NetName=CELL_V5 Pin=R38-2
Added Pin To Net: NetName=NetQ6_3 Pin=R39-1
Added Pin To Net: NetName=CELL_V6 Pin=R39-2
Added Pin To Net: NetName=NetQ7_3 Pin=R40-1
Added Pin To Net: NetName=CELL_V7 Pin=R40-2
Added Pin To Net: NetName=NetQ8_3 Pin=R41-1
Added Pin To Net: NetName=CELL_V8 Pin=R41-2
Added Pin To Net: NetName=NetQ9_3 Pin=R42-1
Added Pin To Net: NetName=CELL_V9 Pin=R42-2
Added Pin To Net: NetName=NetQ10_3 Pin=R43-1
Added Pin To Net: NetName=CELL_V10 Pin=R43-2
Added Pin To Net: NetName=NetQ11_3 Pin=R44-1
Added Pin To Net: NetName=CELL_V11 Pin=R44-2
Added Pin To Net: NetName=NetQ12_3 Pin=R45-1
Added Pin To Net: NetName=CELL_V12 Pin=R45-2
Added Pin To Net: NetName=T4 Pin=R46-1
Added Pin To Net: NetName=3V3 Pin=R46-2
Added Pin To Net: NetName=3V3 Pin=R47-2
Added Pin To Net: NetName=NetQ16_3 Pin=R48-1
Added Pin To Net: NetName=CELL_V14 Pin=R48-2
Added Pin To Net: NetName=NetD15_2 Pin=R49-1
Added Pin To Net: NetName=VC13 Pin=R49-2
Added Pin To Net: NetName=AFE_CS_n Pin=R50-1
Added Pin To Net: NetName=3V3 Pin=R50-2
Added Pin To Net: NetName=VBAT- Pin=R51-1
Added Pin To Net: NetName=DIV Pin=R51-2
Added Pin To Net: NetName=3V3 Pin=R52-1
Added Pin To Net: NetName=NetLED1_1 Pin=R52-2
Added Pin To Net: NetName=NetQ25_3 Pin=R53-1
Added Pin To Net: NetName=NetD17_2 Pin=R53-2
Added Pin To Net: NetName=VBAT+ Pin=R54-2
Added Pin To Net: NetName=VPACK+ Pin=R55-2
Added Pin To Net: NetName=AFE_MISO/SDA Pin=R57-1
Added Pin To Net: NetName=SPI_MISO Pin=R57-2
Added Pin To Net: NetName=NetD18_2 Pin=R58-1
Added Pin To Net: NetName=AFE_BAT Pin=R58-2
Added Pin To Net: NetName=AFE_ALERT Pin=R59-1
Added Pin To Net: NetName=VBAT- Pin=R59-2
Added Pin To Net: NetName=CELL_V13 Pin=R60-1
Added Pin To Net: NetName=VC13 Pin=R60-2
Added Pin To Net: NetName=VBAT- Pin=R61-1
Added Pin To Net: NetName=SRP Pin=R61-2
Added Pin To Net: NetName=VPACK- Pin=R62-1
Added Pin To Net: NetName=SRN Pin=R62-2
Added Pin To Net: NetName=VBAT- Pin=R63-1
Added Pin To Net: NetName=VPACK- Pin=R63-2
Added Pin To Net: NetName=SPI_SCLK Pin=R64-1
Added Pin To Net: NetName=NetR64_2 Pin=R64-2
Added Pin To Net: NetName=SPI_MOSI Pin=R65-1
Added Pin To Net: NetName=NetR65_2 Pin=R65-2
Added Pin To Net: NetName=3V3 Pin=R66-1
Added Pin To Net: NetName=SET Pin=R66-2
Added Pin To Net: NetName=NetJ12_1 Pin=R67-1
Added Pin To Net: NetName=3V3 Pin=R67-2
Added Pin To Net: NetName=PCHG Pin=R68-1
Added Pin To Net: NetName=CHG Pin=R69-1
Added Pin To Net: NetName=DSG Pin=R70-1
Added Pin To Net: NetName=VBAT+ Pin=R71-1
Added Pin To Net: NetName=VPDSG Pin=R71-2
Added Pin To Net: NetName=VBAT+ Pin=R72-1
Added Pin To Net: NetName=VPDSG Pin=R72-2
Added Pin To Net: NetName=VPDSG Pin=R73-1
Added Pin To Net: NetName=VPACK+ Pin=R73-2
Added Pin To Net: NetName=VPDSG Pin=R74-1
Added Pin To Net: NetName=VPACK+ Pin=R74-2
Added Pin To Net: NetName=NetQ23_1 Pin=R75-2
Added Pin To Net: NetName=PACK Pin=R76-1
Added Pin To Net: NetName=VPACK+ Pin=R76-2
Added Pin To Net: NetName=3V3 Pin=R77-1
Added Pin To Net: NetName=NRST Pin=R77-2
Added Pin To Net: NetName=VBAT- Pin=R78-1
Added Pin To Net: NetName=BOOT0 Pin=R78-2
Added Pin To Net: NetName=VBAT- Pin=R79-1
Added Pin To Net: NetName=NetR79_2 Pin=R79-2
Added Pin To Net: NetName=LD Pin=R80-1
Added Pin To Net: NetName=VPACK+ Pin=R80-2
Added Pin To Net: NetName=T1 Pin=R81-1
Added Pin To Net: NetName=3V3 Pin=R81-2
Added Pin To Net: NetName=T2 Pin=R82-1
Added Pin To Net: NetName=3V3 Pin=R82-2
Added Pin To Net: NetName=T3 Pin=R83-1
Added Pin To Net: NetName=3V3 Pin=R83-2
Added Pin To Net: NetName=3V3 Pin=R84-2
Added Pin To Net: NetName=I2C_SCL Pin=R85-1
Added Pin To Net: NetName=NetR85_2 Pin=R85-2
Added Pin To Net: NetName=I2C_SDA Pin=R86-1
Added Pin To Net: NetName=NetR86_2 Pin=R86-2
Added Pin To Net: NetName=AFE_MOSI Pin=R87-1
Added Pin To Net: NetName=SPI_MOSI Pin=R87-2
Added Pin To Net: NetName=AFE_SCLK/SCL Pin=R88-1
Added Pin To Net: NetName=SPI_SCLK Pin=R88-2
Added Pin To Net: NetName=CELL_V13 Pin=R89-2
Added Pin To Net: NetName=AFE_SCLK/SCL Pin=R90-1
Added Pin To Net: NetName=I2C_SCL Pin=R90-2
Added Pin To Net: NetName=AFE_MISO/SDA Pin=R91-1
Added Pin To Net: NetName=I2C_SDA Pin=R91-2
Added Pin To Net: NetName=I2C_SDA Pin=R92-1
Added Pin To Net: NetName=3V3 Pin=R92-2
Added Pin To Net: NetName=I2C_SCL Pin=R93-1
Added Pin To Net: NetName=3V3 Pin=R93-2
Added Pin To Net: NetName=VPACK+ Pin=R95-2
Added Pin To Net: NetName=NetD23_2 Pin=R96-1
Added Pin To Net: NetName=NetD16_2 Pin=R103-1
Added Pin To Net: NetName=VC12 Pin=R103-2
Added Pin To Net: NetName=VBAT- Pin=R?-1
Added Pin To Net: NetName=STM32_HEARTBEAT Pin=R?-2
Added Pin To Net: NetName=NRST Pin=S1-1
Added Pin To Net: NetName=NRST Pin=S1-2
Added Pin To Net: NetName=VBAT- Pin=S1-3
Added Pin To Net: NetName=VBAT- Pin=S1-4
Added Pin To Net: NetName=VBAT- Pin=TP1-1
Added Pin To Net: NetName=VBAT+ Pin=TP2-1
Added Pin To Net: NetName=3V3 Pin=TP3-1
Added Pin To Net: NetName=CELL_V16 Pin=TP4-1
Added Pin To Net: NetName=VC16 Pin=TP5-1
Added Pin To Net: NetName=CELL_V15 Pin=TP6-1
Added Pin To Net: NetName=VC15 Pin=TP7-1
Added Pin To Net: NetName=CELL_V12 Pin=TP8-1
Added Pin To Net: NetName=CELL_V11 Pin=TP9-1
Added Pin To Net: NetName=CELL_V10 Pin=TP10-1
Added Pin To Net: NetName=CELL_V9 Pin=TP11-1
Added Pin To Net: NetName=CELL_V8 Pin=TP12-1
Added Pin To Net: NetName=CELL_V7 Pin=TP13-1
Added Pin To Net: NetName=CELL_V6 Pin=TP14-1
Added Pin To Net: NetName=CELL_V5 Pin=TP15-1
Added Pin To Net: NetName=CELL_V14 Pin=TP16-1
Added Pin To Net: NetName=CELL_V4 Pin=TP17-1
Added Pin To Net: NetName=CELL_V3 Pin=TP18-1
Added Pin To Net: NetName=CELL_V2 Pin=TP19-1
Added Pin To Net: NetName=CELL_V1 Pin=TP20-1
Added Pin To Net: NetName=CELL_V0 Pin=TP21-1
Added Pin To Net: NetName=T4 Pin=TP22-1
Added Pin To Net: NetName=VC14 Pin=TP24-1
Added Pin To Net: NetName=CELL_V13 Pin=TP25-1
Added Pin To Net: NetName=VC12 Pin=TP26-1
Added Pin To Net: NetName=VC11 Pin=TP27-1
Added Pin To Net: NetName=VC10 Pin=TP28-1
Added Pin To Net: NetName=VC9 Pin=TP29-1
Added Pin To Net: NetName=VC8 Pin=TP30-1
Added Pin To Net: NetName=VC7 Pin=TP31-1
Added Pin To Net: NetName=VC6 Pin=TP32-1
Added Pin To Net: NetName=VC5 Pin=TP33-1
Added Pin To Net: NetName=VC4 Pin=TP34-1
Added Pin To Net: NetName=VC3 Pin=TP35-1
Added Pin To Net: NetName=VC2 Pin=TP36-1
Added Pin To Net: NetName=VC1 Pin=TP37-1
Added Pin To Net: NetName=VC0 Pin=TP38-1
Added Pin To Net: NetName=AFE_ALERT Pin=TP39-1
Added Pin To Net: NetName=REGIN Pin=TP40-1
Added Pin To Net: NetName=BREG Pin=TP41-1
Added Pin To Net: NetName=NetR79_2 Pin=TP42-1
Added Pin To Net: NetName=DFETOFF Pin=TP43-1
Added Pin To Net: NetName=LD Pin=TP44-1
Added Pin To Net: NetName=T1 Pin=TP45-1
Added Pin To Net: NetName=T2 Pin=TP46-1
Added Pin To Net: NetName=T3 Pin=TP47-1
Added Pin To Net: NetName=OSC32-IN Pin=TP49-1
Added Pin To Net: NetName=OSC32-OUT Pin=TP50-1
Added Pin To Net: NetName=NRST Pin=TP51-1
Added Pin To Net: NetName=PDSG Pin=TP52-1
Added Pin To Net: NetName=PCHG Pin=TP53-1
Added Pin To Net: NetName=DSG Pin=TP54-1
Added Pin To Net: NetName=CHG Pin=TP55-1
Added Pin To Net: NetName=VBAT- Pin=TP56-1
Added Pin To Net: NetName=VBAT- Pin=TP57-1
Added Pin To Net: NetName=VBAT- Pin=TP58-1
Added Pin To Net: NetName=1V8 Pin=TP59-1
Added Pin To Net: NetName=PACK Pin=TP60-1
Added Pin To Net: NetName=VPACK+ Pin=TP61-1
Added Pin To Net: NetName=VC13 Pin=TP62-1
Added Pin To Net: NetName=VPACK- Pin=TP63-1
Added Pin To Net: NetName=VC15 Pin=U1-1
Added Pin To Net: NetName=VC14 Pin=U1-2
Added Pin To Net: NetName=VC13 Pin=U1-3
Added Pin To Net: NetName=VC12 Pin=U1-4
Added Pin To Net: NetName=VC11 Pin=U1-5
Added Pin To Net: NetName=VC10 Pin=U1-6
Added Pin To Net: NetName=VC9 Pin=U1-7
Added Pin To Net: NetName=VC8 Pin=U1-8
Added Pin To Net: NetName=VC7 Pin=U1-9
Added Pin To Net: NetName=VC6 Pin=U1-10
Added Pin To Net: NetName=VC5 Pin=U1-11
Added Pin To Net: NetName=VC4 Pin=U1-12
Added Pin To Net: NetName=VC3 Pin=U1-13
Added Pin To Net: NetName=VC2 Pin=U1-14
Added Pin To Net: NetName=VC1 Pin=U1-15
Added Pin To Net: NetName=VC0 Pin=U1-16
Added Pin To Net: NetName=VBAT- Pin=U1-17
Added Pin To Net: NetName=SRP Pin=U1-18
Added Pin To Net: NetName=SRN Pin=U1-20
Added Pin To Net: NetName=T1 Pin=U1-21
Added Pin To Net: NetName=T2 Pin=U1-22
Added Pin To Net: NetName=T3 Pin=U1-23
Added Pin To Net: NetName=1V8 Pin=U1-24
Added Pin To Net: NetName=AFE_ALERT Pin=U1-25
Added Pin To Net: NetName=AFE_SCLK/SCL Pin=U1-26
Added Pin To Net: NetName=AFE_MISO/SDA Pin=U1-27
Added Pin To Net: NetName=AFE_MOSI Pin=U1-28
Added Pin To Net: NetName=AFE_CS_n Pin=U1-29
Added Pin To Net: NetName=DFETOFF Pin=U1-30
Added Pin To Net: NetName=T4 Pin=U1-31
Added Pin To Net: NetName=NetR79_2 Pin=U1-33
Added Pin To Net: NetName=3V3 Pin=U1-35
Added Pin To Net: NetName=REGIN Pin=U1-36
Added Pin To Net: NetName=BREG Pin=U1-37
Added Pin To Net: NetName=PDSG Pin=U1-39
Added Pin To Net: NetName=PCHG Pin=U1-40
Added Pin To Net: NetName=LD Pin=U1-41
Added Pin To Net: NetName=PACK Pin=U1-42
Added Pin To Net: NetName=DSG Pin=U1-43
Added Pin To Net: NetName=CHG Pin=U1-45
Added Pin To Net: NetName=CP1 Pin=U1-46
Added Pin To Net: NetName=AFE_BAT Pin=U1-47
Added Pin To Net: NetName=VC16 Pin=U1-48
Added Pin To Net: NetName=3V3 Pin=U2-1
Added Pin To Net: NetName=OSC32-IN Pin=U2-2
Added Pin To Net: NetName=OSC32-OUT Pin=U2-3
Added Pin To Net: NetName=NRST Pin=U2-4
Added Pin To Net: NetName=3V3 Pin=U2-5
Added Pin To Net: NetName=HFCK_IN Pin=U2-6
Added Pin To Net: NetName=DEEPSLEEP_EN Pin=U2-8
Added Pin To Net: NetName=DFETOFF Pin=U2-9
Added Pin To Net: NetName=AFE_ALERT Pin=U2-10
Added Pin To Net: NetName=NetR64_2 Pin=U2-11
Added Pin To Net: NetName=SPI_MISO Pin=U2-12
Added Pin To Net: NetName=NetR65_2 Pin=U2-13
Added Pin To Net: NetName=AFE_CS_n Pin=U2-14
Added Pin To Net: NetName=VBAT- Pin=U2-16
Added Pin To Net: NetName=3V3 Pin=U2-17
Added Pin To Net: NetName=NetR85_2 Pin=U2-19
Added Pin To Net: NetName=NetR86_2 Pin=U2-20
Added Pin To Net: NetName=JTMS/SWDIO Pin=U2-23
Added Pin To Net: NetName=JTCK/SWCLK Pin=U2-24
Added Pin To Net: NetName=JTDI Pin=U2-25
Added Pin To Net: NetName=JTDO Pin=U2-26
Added Pin To Net: NetName=JTRST Pin=U2-27
Added Pin To Net: NetName=STM32_HEARTBEAT Pin=U2-28
Added Pin To Net: NetName=USART_TX Pin=U2-29
Added Pin To Net: NetName=USART_RX Pin=U2-30
Added Pin To Net: NetName=BOOT0 Pin=U2-31
Added Pin To Net: NetName=VBAT- Pin=U2-32
Added Pin To Net: NetName=3V3 Pin=U3-1
Added Pin To Net: NetName=VBAT- Pin=U3-2
Added Pin To Net: NetName=SET Pin=U3-3
Added Pin To Net: NetName=DIV Pin=U3-4
Added Pin To Net: NetName=HFCK_IN Pin=U3-5
Added Pin To Net: NetName=OSC32-IN Pin=Y1-1
Added Pin To Net: NetName=OSC32-OUT Pin=Y1-2
Added Pin To Net: NetName=CGATE Pin=D20-2
Added Pin To Net: NetName=CGATE Pin=R54-1
Added Pin To Net: NetName=CGATE Pin=R69-2
Added Pin To Net: NetName=CGATE Pin=R97-1
Added Pin To Net: NetName=CGATE Pin=R98-1
Added Pin To Net: NetName=CGATE Pin=R99-1
Added Net: Name=CGATE
Added Pin To Net: NetName=DGATE Pin=D22-2
Added Pin To Net: NetName=DGATE Pin=Q21-3
Added Pin To Net: NetName=DGATE Pin=R70-2
Added Pin To Net: NetName=DGATE Pin=R94-2
Added Pin To Net: NetName=DGATE Pin=R95-1
Added Pin To Net: NetName=DGATE Pin=R100-1
Added Pin To Net: NetName=DGATE Pin=R101-1
Added Pin To Net: NetName=DGATE Pin=R102-1
Added Net: Name=DGATE
Added Pin To Net: NetName=GND Pin=J1-0
Added Pin To Net: NetName=GND Pin=J1-0
Added Pin To Net: NetName=GND Pin=J1-8
Added Net: Name=GND
Added Pin To Net: NetName=NetD19_2 Pin=D19-2
Added Pin To Net: NetName=NetD19_2 Pin=Q21-1
Added Pin To Net: NetName=NetD19_2 Pin=R55-1
Added Pin To Net: NetName=NetD19_2 Pin=R96-2
Added Net: Name=NetD19_2
Added Pin To Net: NetName=NetD24_1 Pin=D24-1
Added Pin To Net: NetName=NetD24_1 Pin=R94-1
Added Net: Name=NetD24_1
Added Pin To Net: NetName=NetQ13_1 Pin=Q13-1
Added Pin To Net: NetName=NetQ13_1 Pin=R56-1
Added Pin To Net: NetName=NetQ13_1 Pin=R68-2
Added Net: Name=NetQ13_1
Added Pin To Net: NetName=NetQ18_3 Pin=Q18-3
Added Pin To Net: NetName=NetQ18_3 Pin=R89-1
Added Net: Name=NetQ18_3
Added Pin To Net: NetName=NetQ26_4 Pin=Q26-4
Added Pin To Net: NetName=NetQ26_4 Pin=R100-2
Added Net: Name=NetQ26_4
Added Pin To Net: NetName=NetQ27_4 Pin=Q27-4
Added Pin To Net: NetName=NetQ27_4 Pin=R101-2
Added Net: Name=NetQ27_4
Added Pin To Net: NetName=NetQ28_4 Pin=Q28-4
Added Pin To Net: NetName=NetQ28_4 Pin=R102-2
Added Net: Name=NetQ28_4
Added Pin To Net: NetName=NetQ29_4 Pin=Q29-4
Added Pin To Net: NetName=NetQ29_4 Pin=R99-2
Added Net: Name=NetQ29_4
Added Pin To Net: NetName=NetQ30_4 Pin=Q30-4
Added Pin To Net: NetName=NetQ30_4 Pin=R98-2
Added Net: Name=NetQ30_4
Added Pin To Net: NetName=NetQ31_4 Pin=Q31-4
Added Pin To Net: NetName=NetQ31_4 Pin=R97-2
Added Net: Name=NetQ31_4
Added Pin To Net: NetName=T5 Pin=J3-11
Added Pin To Net: NetName=T5 Pin=R47-1
Added Pin To Net: NetName=T5 Pin=TP23-1
Added Pin To Net: NetName=T5 Pin=U1-32
Added Net: Name=T5
Added Pin To Net: NetName=T6 Pin=J3-12
Added Pin To Net: NetName=T6 Pin=R84-1
Added Pin To Net: NetName=T6 Pin=TP48-1
Added Pin To Net: NetName=T6 Pin=U2-7
Added Net: Name=T6
Added Pin To Net: NetName=V_CHG_DSG Pin=Q13-3
Added Pin To Net: NetName=V_CHG_DSG Pin=Q23-3
Added Pin To Net: NetName=V_CHG_DSG Pin=Q26-5
Added Pin To Net: NetName=V_CHG_DSG Pin=Q26-6
Added Pin To Net: NetName=V_CHG_DSG Pin=Q26-7
Added Pin To Net: NetName=V_CHG_DSG Pin=Q26-8
Added Pin To Net: NetName=V_CHG_DSG Pin=Q26-8
Added Pin To Net: NetName=V_CHG_DSG Pin=Q27-5
Added Pin To Net: NetName=V_CHG_DSG Pin=Q27-6
Added Pin To Net: NetName=V_CHG_DSG Pin=Q27-7
Added Pin To Net: NetName=V_CHG_DSG Pin=Q27-8
Added Pin To Net: NetName=V_CHG_DSG Pin=Q27-8
Added Pin To Net: NetName=V_CHG_DSG Pin=Q28-5
Added Pin To Net: NetName=V_CHG_DSG Pin=Q28-6
Added Pin To Net: NetName=V_CHG_DSG Pin=Q28-7
Added Pin To Net: NetName=V_CHG_DSG Pin=Q28-8
Added Pin To Net: NetName=V_CHG_DSG Pin=Q28-8
Added Pin To Net: NetName=V_CHG_DSG Pin=Q29-5
Added Pin To Net: NetName=V_CHG_DSG Pin=Q29-6
Added Pin To Net: NetName=V_CHG_DSG Pin=Q29-7
Added Pin To Net: NetName=V_CHG_DSG Pin=Q29-8
Added Pin To Net: NetName=V_CHG_DSG Pin=Q29-8
Added Pin To Net: NetName=V_CHG_DSG Pin=Q30-5
Added Pin To Net: NetName=V_CHG_DSG Pin=Q30-6
Added Pin To Net: NetName=V_CHG_DSG Pin=Q30-7
Added Pin To Net: NetName=V_CHG_DSG Pin=Q30-8
Added Pin To Net: NetName=V_CHG_DSG Pin=Q30-8
Added Pin To Net: NetName=V_CHG_DSG Pin=Q31-5
Added Pin To Net: NetName=V_CHG_DSG Pin=Q31-6
Added Pin To Net: NetName=V_CHG_DSG Pin=Q31-7
Added Pin To Net: NetName=V_CHG_DSG Pin=Q31-8
Added Pin To Net: NetName=V_CHG_DSG Pin=Q31-8
Added Pin To Net: NetName=V_CHG_DSG Pin=R56-2
Added Pin To Net: NetName=V_CHG_DSG Pin=R75-1
Added Net: Name=V_CHG_DSG
Added Member To Class: ClassName=Balancing FETs Member=Component C1 CAP_0.1uF_16V_0603
Added Member To Class: ClassName=Balancing FETs Member=Component C2 CAP_0.1uF_16V_0603
Added Member To Class: ClassName=Balancing FETs Member=Component C3 CAP_0.1uF_16V_0603
Added Member To Class: ClassName=Balancing FETs Member=Component C4 CAP_0.1uF_16V_0603
Added Member To Class: ClassName=Balancing FETs Member=Component C5 CAP_0.1uF_16V_0603
Added Member To Class: ClassName=Balancing FETs Member=Component C6 CAP_0.1uF_16V_0603
Added Member To Class: ClassName=Balancing FETs Member=Component C7 CAP_0.1uF_16V_0603
Added Member To Class: ClassName=Balancing FETs Member=Component C8 CAP_0.1uF_16V_0603
Added Member To Class: ClassName=Balancing FETs Member=Component C9 CAP_0.1uF_16V_0603
Added Member To Class: ClassName=Balancing FETs Member=Component C10 CAP_0.1uF_16V_0603
Added Member To Class: ClassName=Balancing FETs Member=Component C11 CAP_0.1uF_16V_0603
Added Member To Class: ClassName=Balancing FETs Member=Component C12 CAP_0.1uF_16V_0603
Added Member To Class: ClassName=Balancing FETs Member=Component C13 CAP_0.1uF_16V_0603
Added Member To Class: ClassName=Balancing FETs Member=Component C14 CAP_0.1uF_16V_0603
Added Member To Class: ClassName=Balancing FETs Member=Component C15 CAP_0.1uF_16V_0603
Added Member To Class: ClassName=Balancing FETs Member=Component C16 CAP_0.1uF_16V_0603
Added Member To Class: ClassName=Balancing FETs Member=Component C17 CAP_0.1uF_16V_0603
Added Member To Class: ClassName=AFE Member=Component C18 CAP_2.2uF_25V_0603
Added Member To Class: ClassName=AFE Member=Component C19 CAP_1uF_25V_0603
Added Member To Class: ClassName=AFE Member=Component C20 CAP_1uF_100V_1206
Added Member To Class: ClassName=AFE Member=Component C21 CAP_100pF_100V_0603
Added Member To Class: ClassName=STM32 MCU Member=Component C22 CAP_4.7uF_16V_0603
Added Member To Class: ClassName=STM32 MCU Member=Component C23 CAP_0.1uF_16V_0603
Added Member To Class: ClassName=STM32 MCU Member=Component C24 CAP_0.1uF_16V_0603
Added Member To Class: ClassName=STM32 MCU Member=Component C25 CAP_1uF_16V_0603
Added Member To Class: ClassName=STM32 MCU Member=Component C26 CAP_0.1uF_16V_0603
Added Member To Class: ClassName=STM32 MCU Member=Component C27 CAP_0.01uF_100V_0603
Added Member To Class: ClassName=STM32 MCU Member=Component C28 CAP_0.1uF_16V_0603
Added Member To Class: ClassName=AFE Member=Component C29 CAP_2.2uF_100V_1210
Added Member To Class: ClassName=STM32 MCU Member=Component C30 CAP_10pF_50V_0603
Added Member To Class: ClassName=STM32 MCU Member=Component C31 CAP_10pF_50V_0603
Added Member To Class: ClassName=AFE Member=Component C32 CAP_0.1uF_100V_0805
Added Member To Class: ClassName=High Side FETs Member=Component C33 CAP_0.1uF_100V_0805
Added Member To Class: ClassName=High Side FETs Member=Component C34 CAP_0.1uF_100V_0805
Added Member To Class: ClassName=Balancing FETs Member=Component D1 DIO_ZENER_3V3
Added Member To Class: ClassName=Balancing FETs Member=Component D2 DIO_ZENER_3V3
Added Member To Class: ClassName=Balancing FETs Member=Component D3 DIO_ZENER_3V3
Added Member To Class: ClassName=Balancing FETs Member=Component D4 DIO_ZENER_3V3
Added Member To Class: ClassName=Balancing FETs Member=Component D5 DIO_ZENER_3V3
Added Member To Class: ClassName=Balancing FETs Member=Component D6 DIO_ZENER_3V3
Added Member To Class: ClassName=Balancing FETs Member=Component D7 DIO_ZENER_3V3
Added Member To Class: ClassName=Balancing FETs Member=Component D8 DIO_ZENER_3V3
Added Member To Class: ClassName=Balancing FETs Member=Component D9 DIO_ZENER_3V3
Added Member To Class: ClassName=Balancing FETs Member=Component D10 DIO_ZENER_3V3
Added Member To Class: ClassName=Balancing FETs Member=Component D11 DIO_ZENER_3V3
Added Member To Class: ClassName=Balancing FETs Member=Component D12 DIO_ZENER_3V3
Added Member To Class: ClassName=Balancing FETs Member=Component D13 DIO_ZENER_3V3
Added Member To Class: ClassName=Balancing FETs Member=Component D14 DIO_ZENER_3V3
Added Member To Class: ClassName=Balancing FETs Member=Component D15 DIO_ZENER_3V3
Added Member To Class: ClassName=Balancing FETs Member=Component D16 DIO_ZENER_3V3
Added Member To Class: ClassName=AFE Member=Component D17 DIO_SCHOTTKY_100V_1A
Added Member To Class: ClassName=AFE Member=Component D18 DIO_SCHOTTKY_100V_1A
Added Member To Class: ClassName=High Side FETs Member=Component D19 DIO_ZENER_16V
Added Member To Class: ClassName=High Side FETs Member=Component D20 DIO_ZENER_16V
Added Member To Class: ClassName=High Side FETs Member=Component D21 DIO_SCHOTTKY_100V_1A
Added Member To Class: ClassName=High Side FETs Member=Component D22 DIO_ZENER_16V
Added Member To Class: ClassName=High Side FETs Member=Component D23 DIO_100V_215mA
Added Member To Class: ClassName=High Side FETs Member=Component D24 DIO_SCHOTTKY_100V_1A
Added Member To Class: ClassName=Battery Interface Member=Component F1 FUSE_60A_LITTLEFUSE
Added Member To Class: ClassName=STM32 MCU Member=Component J1 CON_MOLEX-PICO_8POS_RA
Added Member To Class: ClassName=Battery Interface Member=Component J2 5018761840
Added Member To Class: ClassName=Temperature Sense Member=Component J3 1053141112
Added Member To Class: ClassName=Pack Interface Member=Component J8 HEADER 6x1
Added Member To Class: ClassName=Pack Interface Member=Component J9 0430450412
Added Member To Class: ClassName=Pack Interface Member=Component J10 HEADER 5x1
Added Member To Class: ClassName=STM32 MCU Member=Component J12 CON_3M_SM_RA
Added Member To Class: ClassName=Pack Interface Member=Component J14 HEADER 3x1
Added Member To Class: ClassName=STM32 MCU Member=Component LED1 LED_GREEN
Added Member To Class: ClassName=Top Member=Component MH1 MOUNTING_HOLE_M3
Added Member To Class: ClassName=Top Member=Component MH2 MOUNTING_HOLE_M3
Added Member To Class: ClassName=Top Member=Component MH3 MOUNTING_HOLE_M3
Added Member To Class: ClassName=Top Member=Component MH4 MOUNTING_HOLE_M3
Added Member To Class: ClassName=Battery Interface Member=Component MH5 MOUNTING_HOLE_M5
Added Member To Class: ClassName=Battery Interface Member=Component MH6 MOUNTING_HOLE_M5
Added Member To Class: ClassName=Pack Interface Member=Component MH7 MOUNTING_HOLE_M5
Added Member To Class: ClassName=Pack Interface Member=Component MH8 MOUNTING_HOLE_M5
Added Member To Class: ClassName=Battery Interface Member=Component NT1 NetTie
Added Member To Class: ClassName=Balancing FETs Member=Component Q1 NMOS_20V_6A
Added Member To Class: ClassName=Balancing FETs Member=Component Q2 NMOS_20V_6A
Added Member To Class: ClassName=Balancing FETs Member=Component Q3 NMOS_20V_6A
Added Member To Class: ClassName=Balancing FETs Member=Component Q4 NMOS_20V_6A
Added Member To Class: ClassName=Balancing FETs Member=Component Q5 NMOS_20V_6A
Added Member To Class: ClassName=Balancing FETs Member=Component Q6 NMOS_20V_6A
Added Member To Class: ClassName=Balancing FETs Member=Component Q7 NMOS_20V_6A
Added Member To Class: ClassName=Balancing FETs Member=Component Q8 NMOS_20V_6A
Added Member To Class: ClassName=Balancing FETs Member=Component Q9 NMOS_20V_6A
Added Member To Class: ClassName=Balancing FETs Member=Component Q10 NMOS_20V_6A
Added Member To Class: ClassName=Balancing FETs Member=Component Q11 NMOS_20V_6A
Added Member To Class: ClassName=Balancing FETs Member=Component Q12 NMOS_20V_6A
Added Member To Class: ClassName=High Side FETs Member=Component Q13 PMOS_60V_26A
Added Member To Class: ClassName=Balancing FETs Member=Component Q14 NMOS_20V_6A
Added Member To Class: ClassName=Balancing FETs Member=Component Q15 NMOS_20V_6A
Added Member To Class: ClassName=Balancing FETs Member=Component Q16 NMOS_20V_6A
Added Member To Class: ClassName=STM32 MCU Member=Component Q17 NMOS_20V_6A
Added Member To Class: ClassName=Balancing FETs Member=Component Q18 NMOS_20V_6A
Added Member To Class: ClassName=High Side FETs Member=Component Q21 NMOS_100V_170mA
Added Member To Class: ClassName=High Side FETs Member=Component Q23 PMOS_60V_26A
Added Member To Class: ClassName=AFE Member=Component Q25 NPN_100V_1A
Added Member To Class: ClassName=High Side FETs Member=Component Q26 NMOS_60V_30A
Added Member To Class: ClassName=High Side FETs Member=Component Q27 NMOS_60V_30A
Added Member To Class: ClassName=High Side FETs Member=Component Q28 NMOS_60V_30A
Added Member To Class: ClassName=High Side FETs Member=Component Q29 NMOS_60V_30A
Added Member To Class: ClassName=High Side FETs Member=Component Q30 NMOS_60V_30A
Added Member To Class: ClassName=High Side FETs Member=Component Q31 NMOS_60V_30A
Added Member To Class: ClassName=Balancing FETs Member=Component R1 RES_100O_0603_1%
Added Member To Class: ClassName=Balancing FETs Member=Component R2 RES_100O_0603_1%
Added Member To Class: ClassName=Balancing FETs Member=Component R3 RES_100O_0603_1%
Added Member To Class: ClassName=Balancing FETs Member=Component R4 RES_100O_0603_1%
Added Member To Class: ClassName=Balancing FETs Member=Component R5 RES_100O_0603_1%
Added Member To Class: ClassName=Balancing FETs Member=Component R6 RES_100O_0603_1%
Added Member To Class: ClassName=Balancing FETs Member=Component R7 RES_100O_0603_1%
Added Member To Class: ClassName=Balancing FETs Member=Component R8 RES_100O_0603_1%
Added Member To Class: ClassName=Balancing FETs Member=Component R9 RES_100O_0603_1%
Added Member To Class: ClassName=Balancing FETs Member=Component R10 RES_100O_0603_1%
Added Member To Class: ClassName=Balancing FETs Member=Component R11 RES_100O_0603_1%
Added Member To Class: ClassName=Balancing FETs Member=Component R12 RES_100O_0603_1%
Added Member To Class: ClassName=Balancing FETs Member=Component R13 RES_100O_0603_1%
Added Member To Class: ClassName=High Side FETs Member=Component R14 RES_5.1kO_0603_1%
Added Member To Class: ClassName=Balancing FETs Member=Component R15 RES_100O_0603_1%
Added Member To Class: ClassName=Balancing FETs Member=Component R16 RES_4.99O_2512_1%
Added Member To Class: ClassName=Balancing FETs Member=Component R17 RES_1kO_0603_1%
Added Member To Class: ClassName=Balancing FETs Member=Component R18 RES_1kO_0603_1%
Added Member To Class: ClassName=Balancing FETs Member=Component R19 RES_1kO_0603_1%
Added Member To Class: ClassName=Balancing FETs Member=Component R20 RES_1kO_0603_1%
Added Member To Class: ClassName=Balancing FETs Member=Component R21 RES_1kO_0603_1%
Added Member To Class: ClassName=Balancing FETs Member=Component R22 RES_1kO_0603_1%
Added Member To Class: ClassName=Balancing FETs Member=Component R23 RES_1kO_0603_1%
Added Member To Class: ClassName=Balancing FETs Member=Component R24 RES_1kO_0603_1%
Added Member To Class: ClassName=Balancing FETs Member=Component R25 RES_1kO_0603_1%
Added Member To Class: ClassName=Balancing FETs Member=Component R26 RES_1kO_0603_1%
Added Member To Class: ClassName=Balancing FETs Member=Component R27 RES_1kO_0603_1%
Added Member To Class: ClassName=Balancing FETs Member=Component R28 RES_1kO_0603_1%
Added Member To Class: ClassName=Balancing FETs Member=Component R29 RES_1kO_0603_1%
Added Member To Class: ClassName=Balancing FETs Member=Component R30 RES_100O_0603_1%
Added Member To Class: ClassName=Balancing FETs Member=Component R31 RES_4.99O_2512_1%
Added Member To Class: ClassName=Balancing FETs Member=Component R32 RES_1kO_0603_1%
Added Member To Class: ClassName=Balancing FETs Member=Component R33 RES_100O_0603_1%
Added Member To Class: ClassName=Balancing FETs Member=Component R34 RES_4.99O_2512_1%
Added Member To Class: ClassName=Balancing FETs Member=Component R35 RES_4.99O_2512_1%
Added Member To Class: ClassName=Balancing FETs Member=Component R36 RES_4.99O_2512_1%
Added Member To Class: ClassName=Balancing FETs Member=Component R37 RES_4.99O_2512_1%
Added Member To Class: ClassName=Balancing FETs Member=Component R38 RES_4.99O_2512_1%
Added Member To Class: ClassName=Balancing FETs Member=Component R39 RES_4.99O_2512_1%
Added Member To Class: ClassName=Balancing FETs Member=Component R40 RES_4.99O_2512_1%
Added Member To Class: ClassName=Balancing FETs Member=Component R41 RES_4.99O_2512_1%
Added Member To Class: ClassName=Balancing FETs Member=Component R42 RES_4.99O_2512_1%
Added Member To Class: ClassName=Balancing FETs Member=Component R43 RES_4.99O_2512_1%
Added Member To Class: ClassName=Balancing FETs Member=Component R44 RES_4.99O_2512_1%
Added Member To Class: ClassName=Balancing FETs Member=Component R45 RES_4.99O_2512_1%
Added Member To Class: ClassName=Temperature Sense Member=Component R46 RES_17.8kO_0603_1%
Added Member To Class: ClassName=Temperature Sense Member=Component R47 RES_17.8kO_0603_1%
Added Member To Class: ClassName=Balancing FETs Member=Component R48 RES_4.99O_2512_1%
Added Member To Class: ClassName=Balancing FETs Member=Component R49 RES_1kO_0603_1%
Added Member To Class: ClassName=STM32 MCU Member=Component R50 RES_10kO_0603_1%
Added Member To Class: ClassName=STM32 MCU Member=Component R51 RES_0O_0603
Added Member To Class: ClassName=STM32 MCU Member=Component R52 RES_604O_0603_1%
Added Member To Class: ClassName=AFE Member=Component R53 RES_300O_0603_1%
Added Member To Class: ClassName=High Side FETs Member=Component R54 RES_10MO_0603_1%
Added Member To Class: ClassName=High Side FETs Member=Component R55 RES_10MO_0603_1%
Added Member To Class: ClassName=High Side FETs Member=Component R56 RES_10MO_0603_1%
Added Member To Class: ClassName=AFE Member=Component R57 RES_33O_0603_1%
Added Member To Class: ClassName=AFE Member=Component R58 RES_100O_0603_1%
Added Member To Class: ClassName=AFE Member=Component R59 RES_10kO_0603_1%
Added Member To Class: ClassName=Balancing FETs Member=Component R60 RES_100O_0603_1%
Added Member To Class: ClassName=AFE Member=Component R61 RES_100O_0603_1%
Added Member To Class: ClassName=AFE Member=Component R62 RES_100O_0603_1%
Added Member To Class: ClassName=AFE Member=Component R63 RES_1mO_2512_1%
Added Member To Class: ClassName=STM32 MCU Member=Component R64 RES_33O_0603_1%
Added Member To Class: ClassName=STM32 MCU Member=Component R65 RES_33O_0603_1%
Added Member To Class: ClassName=STM32 MCU Member=Component R66 RES_17.8kO_0603_1%
Added Member To Class: ClassName=STM32 MCU Member=Component R67 RES_1kO_0603_1%
Added Member To Class: ClassName=High Side FETs Member=Component R68 RES_5.1kO_0603_1%
Added Member To Class: ClassName=High Side FETs Member=Component R69 RES_100O_0603_1%
Added Member To Class: ClassName=High Side FETs Member=Component R70 RES_10kO_0603_1%
Added Member To Class: ClassName=High Side FETs Member=Component R71 RES_1kO_2512_1%
Added Member To Class: ClassName=High Side FETs Member=Component R72 RES_1kO_2512_1%
Added Member To Class: ClassName=High Side FETs Member=Component R73 RES_1kO_2512_1%
Added Member To Class: ClassName=High Side FETs Member=Component R74 RES_1kO_2512_1%
Added Member To Class: ClassName=High Side FETs Member=Component R75 RES_10MO_0603_1%
Added Member To Class: ClassName=High Side FETs Member=Component R76 RES_10kO_0603_1%
Added Member To Class: ClassName=STM32 MCU Member=Component R77 RES_10kO_0603_1%
Added Member To Class: ClassName=STM32 MCU Member=Component R78 RES_10kO_0603_1%
Added Member To Class: ClassName=AFE Member=Component R79 RES_10kO_0603_1%
Added Member To Class: ClassName=High Side FETs Member=Component R80 RES_10kO_0603_1%
Added Member To Class: ClassName=Temperature Sense Member=Component R81 RES_17.8kO_0603_1%
Added Member To Class: ClassName=Temperature Sense Member=Component R82 RES_17.8kO_0603_1%
Added Member To Class: ClassName=Temperature Sense Member=Component R83 RES_17.8kO_0603_1%
Added Member To Class: ClassName=Temperature Sense Member=Component R84 RES_17.8kO_0603_1%
Added Member To Class: ClassName=STM32 MCU Member=Component R85 RES_33O_0603_1%
Added Member To Class: ClassName=STM32 MCU Member=Component R86 RES_33O_0603_1%
Added Member To Class: ClassName=AFE Member=Component R87 RES_0O_0603
Added Member To Class: ClassName=AFE Member=Component R88 RES_0O_0603
Added Member To Class: ClassName=Balancing FETs Member=Component R89 RES_4.99O_2512_1%
Added Member To Class: ClassName=AFE Member=Component R90 RES_0O_0603
Added Member To Class: ClassName=AFE Member=Component R91 RES_33O_0603_1%
Added Member To Class: ClassName=STM32 MCU Member=Component R92 RES_5.1kO_0603_1%
Added Member To Class: ClassName=STM32 MCU Member=Component R93 RES_5.1kO_0603_1%
Added Member To Class: ClassName=High Side FETs Member=Component R94 RES_100O_0603_1%
Added Member To Class: ClassName=High Side FETs Member=Component R95 RES_10MO_0603_1%
Added Member To Class: ClassName=High Side FETs Member=Component R96 RES_10kO_0603_1%
Added Member To Class: ClassName=High Side FETs Member=Component R97 RES_51O_0603_1%
Added Member To Class: ClassName=High Side FETs Member=Component R98 RES_51O_0603_1%
Added Member To Class: ClassName=High Side FETs Member=Component R99 RES_51O_0603_1%
Added Member To Class: ClassName=High Side FETs Member=Component R100 RES_51O_0603_1%
Added Member To Class: ClassName=High Side FETs Member=Component R101 RES_51O_0603_1%
Added Member To Class: ClassName=High Side FETs Member=Component R102 RES_51O_0603_1%
Added Member To Class: ClassName=Balancing FETs Member=Component R103 RES_1kO_0603_1%
Added Member To Class: ClassName=STM32 MCU Member=Component R? RES_10kO_0603_1%
Added Member To Class: ClassName=STM32 MCU Member=Component S1 SW_SPST_NO_4.5x4.5
Added Member To Class: ClassName=Battery Interface Member=Component TP1 TESTPOINT_SMD_LOOP
Added Member To Class: ClassName=Battery Interface Member=Component TP2 TESTPOINT_SMD_LOOP
Added Member To Class: ClassName=AFE Member=Component TP3 TESTPOINT_SMD_LOOP
Added Member To Class: ClassName=Balancing FETs Member=Component TP4 TESTPOINT_1MM_SQUARE
Added Member To Class: ClassName=Balancing FETs Member=Component TP5 TESTPOINT_1MM_SQUARE
Added Member To Class: ClassName=Balancing FETs Member=Component TP6 TESTPOINT_1MM_SQUARE
Added Member To Class: ClassName=Balancing FETs Member=Component TP7 TESTPOINT_1MM_SQUARE
Added Member To Class: ClassName=Balancing FETs Member=Component TP8 TESTPOINT_1MM_SQUARE
Added Member To Class: ClassName=Balancing FETs Member=Component TP9 TESTPOINT_1MM_SQUARE
Added Member To Class: ClassName=Balancing FETs Member=Component TP10 TESTPOINT_1MM_SQUARE
Added Member To Class: ClassName=Balancing FETs Member=Component TP11 TESTPOINT_1MM_SQUARE
Added Member To Class: ClassName=Balancing FETs Member=Component TP12 TESTPOINT_1MM_SQUARE
Added Member To Class: ClassName=Balancing FETs Member=Component TP13 TESTPOINT_1MM_SQUARE
Added Member To Class: ClassName=Balancing FETs Member=Component TP14 TESTPOINT_1MM_SQUARE
Added Member To Class: ClassName=Balancing FETs Member=Component TP15 TESTPOINT_1MM_SQUARE
Added Member To Class: ClassName=Balancing FETs Member=Component TP16 TESTPOINT_1MM_SQUARE
Added Member To Class: ClassName=Balancing FETs Member=Component TP17 TESTPOINT_1MM_SQUARE
Added Member To Class: ClassName=Balancing FETs Member=Component TP18 TESTPOINT_1MM_SQUARE
Added Member To Class: ClassName=Balancing FETs Member=Component TP19 TESTPOINT_1MM_SQUARE
Added Member To Class: ClassName=Balancing FETs Member=Component TP20 TESTPOINT_1MM_SQUARE
Added Member To Class: ClassName=Balancing FETs Member=Component TP21 TESTPOINT_1MM_SQUARE
Added Member To Class: ClassName=Temperature Sense Member=Component TP22 TESTPOINT_1MM_CIRCLE
Added Member To Class: ClassName=Temperature Sense Member=Component TP23 TESTPOINT_1MM_CIRCLE
Added Member To Class: ClassName=Balancing FETs Member=Component TP24 TESTPOINT_1MM_SQUARE
Added Member To Class: ClassName=Balancing FETs Member=Component TP25 TESTPOINT_1MM_SQUARE
Added Member To Class: ClassName=Balancing FETs Member=Component TP26 TESTPOINT_1MM_SQUARE
Added Member To Class: ClassName=Balancing FETs Member=Component TP27 TESTPOINT_1MM_SQUARE
Added Member To Class: ClassName=Balancing FETs Member=Component TP28 TESTPOINT_1MM_SQUARE
Added Member To Class: ClassName=Balancing FETs Member=Component TP29 TESTPOINT_1MM_SQUARE
Added Member To Class: ClassName=Balancing FETs Member=Component TP30 TESTPOINT_1MM_SQUARE
Added Member To Class: ClassName=Balancing FETs Member=Component TP31 TESTPOINT_1MM_SQUARE
Added Member To Class: ClassName=Balancing FETs Member=Component TP32 TESTPOINT_1MM_SQUARE
Added Member To Class: ClassName=Balancing FETs Member=Component TP33 TESTPOINT_1MM_SQUARE
Added Member To Class: ClassName=Balancing FETs Member=Component TP34 TESTPOINT_1MM_SQUARE
Added Member To Class: ClassName=Balancing FETs Member=Component TP35 TESTPOINT_1MM_SQUARE
Added Member To Class: ClassName=Balancing FETs Member=Component TP36 TESTPOINT_1MM_SQUARE
Added Member To Class: ClassName=Balancing FETs Member=Component TP37 TESTPOINT_1MM_SQUARE
Added Member To Class: ClassName=Balancing FETs Member=Component TP38 TESTPOINT_1MM_SQUARE
Added Member To Class: ClassName=AFE Member=Component TP39 TESTPOINT_1MM_CIRCLE
Added Member To Class: ClassName=AFE Member=Component TP40 TESTPOINT_1MM_CIRCLE
Added Member To Class: ClassName=AFE Member=Component TP41 TESTPOINT_1MM_CIRCLE
Added Member To Class: ClassName=AFE Member=Component TP42 TESTPOINT_1MM_CIRCLE
Added Member To Class: ClassName=AFE Member=Component TP43 TESTPOINT_1MM_CIRCLE
Added Member To Class: ClassName=AFE Member=Component TP44 TESTPOINT_1MM_CIRCLE
Added Member To Class: ClassName=Temperature Sense Member=Component TP45 TESTPOINT_1MM_CIRCLE
Added Member To Class: ClassName=Temperature Sense Member=Component TP46 TESTPOINT_1MM_CIRCLE
Added Member To Class: ClassName=Temperature Sense Member=Component TP47 TESTPOINT_1MM_CIRCLE
Added Member To Class: ClassName=Temperature Sense Member=Component TP48 TESTPOINT_1MM_CIRCLE
Added Member To Class: ClassName=STM32 MCU Member=Component TP49 TESTPOINT_1MM_CIRCLE
Added Member To Class: ClassName=STM32 MCU Member=Component TP50 TESTPOINT_1MM_CIRCLE
Added Member To Class: ClassName=STM32 MCU Member=Component TP51 TESTPOINT_1MM_CIRCLE
Added Member To Class: ClassName=High Side FETs Member=Component TP52 TESTPOINT_1MM_CIRCLE
Added Member To Class: ClassName=High Side FETs Member=Component TP53 TESTPOINT_1MM_CIRCLE
Added Member To Class: ClassName=High Side FETs Member=Component TP54 TESTPOINT_1MM_CIRCLE
Added Member To Class: ClassName=High Side FETs Member=Component TP55 TESTPOINT_1MM_CIRCLE
Added Member To Class: ClassName=Battery Interface Member=Component TP56 TESTPOINT_SMD_LOOP
Added Member To Class: ClassName=Battery Interface Member=Component TP57 TESTPOINT_SMD_LOOP
Added Member To Class: ClassName=Battery Interface Member=Component TP58 TESTPOINT_SMD_LOOP
Added Member To Class: ClassName=AFE Member=Component TP59 TESTPOINT_1MM_SQUARE
Added Member To Class: ClassName=AFE Member=Component TP60 TESTPOINT_1MM_CIRCLE
Added Member To Class: ClassName=Pack Interface Member=Component TP61 TESTPOINT_SMD_LOOP
Added Member To Class: ClassName=Balancing FETs Member=Component TP62 TESTPOINT_1MM_SQUARE
Added Member To Class: ClassName=Pack Interface Member=Component TP63 TESTPOINT_SMD_LOOP
Added Member To Class: ClassName=AFE Member=Component U1 BQ76952PFBR
Added Member To Class: ClassName=STM32 MCU Member=Component U2 STM32L412K8T6
Added Member To Class: ClassName=STM32 MCU Member=Component U3 LTC6905CS5#TRMPBF
Added Member To Class: ClassName=STM32 MCU Member=Component Y1 CRYSTAL_32.768KHZ
Added Rule: Name=Schematic Supply Nets
Added Rule: Name=Schematic Supply Nets_1
Added Rule: Name=Schematic Supply Nets_2
Added Rule: Name=Schematic Supply Nets_3
Added Rule: Name=Schematic Supply Nets_4
Added Rule: Name=Schematic Supply Nets_5
Added Rule: Name=Schematic Supply Nets_6
